-- phpMyAdmin SQL Dump
-- version 4.4.15.6
-- http://www.phpmyadmin.net
--
-- Host: localhost
-- Generation Time: 2016-08-30 16:34:43
-- 服务器版本： 5.5.48-log
-- PHP Version: 5.6.22

SET SQL_MODE = "NO_AUTO_VALUE_ON_ZERO";
SET time_zone = "+00:00";


/*!40101 SET @OLD_CHARACTER_SET_CLIENT=@@CHARACTER_SET_CLIENT */;
/*!40101 SET @OLD_CHARACTER_SET_RESULTS=@@CHARACTER_SET_RESULTS */;
/*!40101 SET @OLD_COLLATION_CONNECTION=@@COLLATION_CONNECTION */;
/*!40101 SET NAMES utf8mb4 */;

--
-- Database: `hitokoto`
--

-- --------------------------------------------------------

--
-- 表的结构 `hitokoto_like`
--

CREATE TABLE IF NOT EXISTS `hitokoto_like` (
  `ID` int(11) NOT NULL,
  `sentenceID` int(11) NOT NULL,
  `ip` text NOT NULL,
  `time` datetime NOT NULL
) ENGINE=InnoDB AUTO_INCREMENT=130 DEFAULT CHARSET=utf8mb4;

--
-- 转存表中的数据 `hitokoto_like`
--

INSERT INTO `hitokoto_like` (`ID`, `sentenceID`, `ip`, `time`) VALUES
(6, 147, '119.187.141.118', '2016-08-16 22:11:50'),
(7, 1, '119.187.141.118', '2016-08-16 22:14:18'),
(8, 233, '119.187.141.118', '2016-08-16 22:35:37'),
(9, 248, '119.187.141.118', '2016-08-17 00:25:12'),
(10, 110, '119.187.141.118', '2016-08-17 00:26:05'),
(11, 114, '119.187.141.118', '2016-08-17 00:26:18'),
(12, 149, '183.140.239.91', '2016-08-17 00:27:56'),
(13, 255, '183.140.239.91', '2016-08-17 00:28:06'),
(14, 248, '180.153.206.21', '2016-08-17 00:28:20'),
(15, 114, '180.153.206.22', '2016-08-17 00:29:25'),
(16, 233, '101.226.99.197', '2016-08-17 00:30:01'),
(17, 188, '223.166.164.18', '2016-08-17 00:34:40'),
(18, 119, '223.166.164.18', '2016-08-17 00:34:46'),
(19, 241, '115.159.65.163', '2016-08-17 01:01:52'),
(20, 209, '119.187.141.118', '2016-08-17 09:16:09'),
(21, 255, '119.187.141.118', '2016-08-17 19:59:27'),
(22, 170, '119.187.141.118', '2016-08-18 00:36:47'),
(23, 171, '119.187.141.118', '2016-08-18 00:37:34'),
(24, 170, '180.153.201.79', '2016-08-18 00:39:56'),
(25, 113, '119.187.141.118', '2016-08-18 00:42:35'),
(26, 274, '119.187.141.118', '2016-08-18 02:31:40'),
(27, 12, '119.187.141.118', '2016-08-18 02:32:25'),
(28, 27, '119.187.141.118', '2016-08-18 02:32:32'),
(29, 9, '119.187.141.118', '2016-08-18 02:32:55'),
(30, 249, '117.184.149.210', '2016-08-18 14:52:48'),
(31, 7, '121.12.105.170', '2016-08-18 18:49:57'),
(32, 267, '222.242.241.216', '2016-08-18 19:31:05'),
(33, 1, '61.140.124.110', '2016-08-18 19:40:32'),
(34, 195, '171.40.236.3', '2016-08-18 19:44:34'),
(35, 28, '111.174.44.98', '2016-08-18 20:25:03'),
(36, 58, '111.174.44.98', '2016-08-18 20:25:13'),
(37, 108, '183.60.228.164', '2016-08-18 20:36:55'),
(38, 202, '119.187.141.118', '2016-08-19 14:52:53'),
(39, 202, '101.226.61.207', '2016-08-19 14:56:00'),
(40, 202, '119.147.146.189', '2016-08-19 15:00:16'),
(41, 103, '223.167.164.190', '2016-08-19 19:19:40'),
(42, 262, '223.167.164.190', '2016-08-19 19:19:43'),
(43, 225, '119.187.141.118', '2016-08-20 00:29:32'),
(44, 225, '180.163.2.117', '2016-08-20 00:32:41'),
(45, 22, '119.187.141.118', '2016-08-20 09:36:22'),
(46, 22, '180.153.205.252', '2016-08-20 09:39:24'),
(47, 3, '119.187.141.118', '2016-08-20 14:19:30'),
(48, 69, '183.140.237.17', '2016-08-20 15:54:56'),
(49, 149, '119.187.141.118', '2016-08-20 15:56:02'),
(50, 126, '183.140.237.17', '2016-08-20 15:57:11'),
(51, 99, '119.187.141.118', '2016-08-20 16:46:44'),
(52, 44, '202.109.166.170', '2016-08-20 18:14:40'),
(53, 44, '202.109.166.162', '2016-08-20 18:14:43'),
(54, 44, '202.109.166.180', '2016-08-20 18:14:45'),
(55, 45, '202.109.166.170', '2016-08-20 18:15:01'),
(56, 220, '119.187.141.118', '2016-08-21 23:24:21'),
(57, 119, '27.202.80.13', '2016-08-22 13:12:33'),
(58, 400, '27.202.80.13', '2016-08-22 20:54:51'),
(59, 408, '27.202.80.13', '2016-08-22 20:55:08'),
(60, 126, '27.202.80.13', '2016-08-22 20:56:33'),
(61, 400, '101.226.89.117', '2016-08-22 20:57:58'),
(62, 408, '180.163.2.118', '2016-08-22 20:58:08'),
(63, 126, '101.226.66.193', '2016-08-22 20:59:40'),
(64, 181, '27.202.80.13', '2016-08-22 21:17:57'),
(65, 181, '180.153.214.180', '2016-08-22 21:21:04'),
(66, 170, '116.216.8.59', '2016-08-23 00:44:41'),
(67, 187, '27.202.80.13', '2016-08-23 00:50:00'),
(68, 408, '121.12.105.71', '2016-08-23 00:51:07'),
(69, 408, '61.151.218.118', '2016-08-23 00:54:07'),
(70, 50, '27.202.80.13', '2016-08-23 07:43:47'),
(71, 50, '101.226.79.182', '2016-08-23 07:46:47'),
(72, 73, '119.134.192.216', '2016-08-23 08:04:09'),
(73, 180, '115.49.173.103', '2016-08-23 11:46:11'),
(74, 131, '113.101.132.125', '2016-08-23 12:01:02'),
(75, 233, '113.101.132.125', '2016-08-23 12:01:47'),
(76, 258, '60.163.57.38', '2016-08-24 01:11:11'),
(77, 328, '60.163.57.38', '2016-08-24 01:11:17'),
(78, 257, '60.163.57.38', '2016-08-24 01:11:29'),
(79, 188, '60.163.57.38', '2016-08-24 01:15:30'),
(80, 304, '60.163.57.38', '2016-08-24 17:09:44'),
(81, 28, '120.33.101.199', '2016-08-25 17:34:38'),
(82, 132, '120.33.101.199', '2016-08-25 17:36:23'),
(83, 308, '115.217.116.157', '2016-08-25 17:37:33'),
(84, 28, '101.226.66.187', '2016-08-25 17:37:43'),
(85, 132, '101.226.66.179', '2016-08-25 17:39:29'),
(86, 71, '27.202.80.13', '2016-08-25 18:05:15'),
(87, 71, '180.153.206.20', '2016-08-25 18:08:24'),
(88, 475, '27.202.80.13', '2016-08-25 18:14:53'),
(89, 213, '27.202.80.13', '2016-08-25 18:15:26'),
(90, 26, '27.202.80.13', '2016-08-25 18:15:32'),
(91, 475, '101.226.89.116', '2016-08-25 18:17:59'),
(92, 213, '101.226.33.216', '2016-08-25 18:18:26'),
(93, 26, '101.226.66.181', '2016-08-25 18:18:38'),
(94, 118, '119.122.3.66', '2016-08-25 23:43:13'),
(95, 335, '58.248.237.222', '2016-08-26 23:22:44'),
(96, 22, '120.85.245.112', '2016-08-26 23:24:56'),
(97, 137, '1.82.229.43', '2016-08-27 12:16:48'),
(98, 137, '101.226.33.218', '2016-08-27 12:19:57'),
(99, 67, '113.225.177.39', '2016-08-27 14:04:04'),
(100, 147, '113.225.177.39', '2016-08-27 15:18:11'),
(101, 302, '101.251.2.40', '2016-08-27 15:41:21'),
(102, 81, '113.225.177.39', '2016-08-27 16:22:03'),
(103, 438, '110.240.21.86', '2016-08-27 17:39:29'),
(104, 63, '110.240.21.86', '2016-08-27 17:39:55'),
(105, 81, '110.240.21.86', '2016-08-27 17:42:03'),
(106, 438, '61.151.226.191', '2016-08-27 17:42:29'),
(107, 63, '101.226.125.100', '2016-08-27 17:42:55'),
(108, 63, '180.153.206.24', '2016-08-27 17:43:00'),
(109, 63, '101.226.33.237', '2016-08-27 17:43:04'),
(110, 81, '180.153.214.197', '2016-08-27 17:45:10'),
(111, 131, '112.83.25.32', '2016-08-27 19:35:36'),
(112, 150, '113.134.75.255', '2016-08-27 21:32:48'),
(113, 381, '1.82.229.43', '2016-08-27 23:00:32'),
(114, 381, '180.153.214.189', '2016-08-27 23:03:32'),
(115, 455, '58.19.3.17', '2016-08-28 13:23:22'),
(116, 195, '60.163.53.114', '2016-08-28 19:36:07'),
(117, 213, '113.84.66.64', '2016-08-29 07:36:51'),
(118, 463, '121.12.5.96', '2016-08-29 09:41:07'),
(119, 302, '121.12.5.96', '2016-08-29 09:41:13'),
(120, 451, '121.12.5.96', '2016-08-29 09:41:17'),
(121, 400, '121.12.5.96', '2016-08-29 09:44:02'),
(122, 391, '121.12.5.96', '2016-08-29 10:03:19'),
(123, 335, '27.202.80.13', '2016-08-29 11:14:45'),
(124, 335, '61.151.226.16', '2016-08-29 11:17:50'),
(125, 209, '27.202.80.13', '2016-08-29 17:43:19'),
(126, 209, '101.226.33.208', '2016-08-29 17:46:26'),
(127, 284, '106.45.150.158', '2016-08-30 08:52:17'),
(128, 46, '122.224.94.210', '2016-08-30 16:07:25'),
(129, 429, '111.85.243.67', '2016-08-30 16:18:43');

-- --------------------------------------------------------

--
-- 表的结构 `hitokoto_migrations`
--

CREATE TABLE IF NOT EXISTS `hitokoto_migrations` (
  `migration` varchar(255) COLLATE utf8_unicode_ci NOT NULL,
  `batch` int(11) NOT NULL
) ENGINE=InnoDB DEFAULT CHARSET=utf8 COLLATE=utf8_unicode_ci;

--
-- 转存表中的数据 `hitokoto_migrations`
--

INSERT INTO `hitokoto_migrations` (`migration`, `batch`) VALUES
('2014_10_12_000000_create_users_table', 1),
('2014_10_12_100000_create_password_resets_table', 1);

-- --------------------------------------------------------

--
-- 表的结构 `hitokoto_password_resets`
--

CREATE TABLE IF NOT EXISTS `hitokoto_password_resets` (
  `email` varchar(255) COLLATE utf8_unicode_ci NOT NULL,
  `token` varchar(255) COLLATE utf8_unicode_ci NOT NULL,
  `created_at` timestamp NOT NULL DEFAULT CURRENT_TIMESTAMP ON UPDATE CURRENT_TIMESTAMP
) ENGINE=InnoDB DEFAULT CHARSET=utf8 COLLATE=utf8_unicode_ci;

--
-- 转存表中的数据 `hitokoto_password_resets`
--

INSERT INTO `hitokoto_password_resets` (`email`, `token`, `created_at`) VALUES
('i@freejishu.com', '0150767cc4c6eacf282a260dd5777ab650846c3e4a06d144637ec133b49821c4', '2016-08-22 00:08:11');

-- --------------------------------------------------------

--
-- 表的结构 `hitokoto_pending`
--

CREATE TABLE IF NOT EXISTS `hitokoto_pending` (
  `id` int(11) NOT NULL,
  `hitokoto` varchar(255) DEFAULT NULL,
  `type` varchar(255) DEFAULT NULL,
  `from` varchar(255) DEFAULT NULL,
  `creator` varchar(255) DEFAULT NULL,
  `creator_uid` int(11) DEFAULT NULL,
  `owner` varchar(255) DEFAULT '0',
  `created_at` varchar(255) DEFAULT NULL
) ENGINE=MyISAM AUTO_INCREMENT=46 DEFAULT CHARSET=utf8mb4;

-- --------------------------------------------------------

--
-- 表的结构 `hitokoto_refuse`
--

CREATE TABLE IF NOT EXISTS `hitokoto_refuse` (
  `id` int(11) NOT NULL,
  `hitokoto` text,
  `type` text,
  `from` text,
  `creator` text,
  `creator_uid` int(11) NOT NULL,
  `owner` text,
  `created_at` text
) ENGINE=InnoDB AUTO_INCREMENT=15 DEFAULT CHARSET=utf8mb4;

--
-- 转存表中的数据 `hitokoto_refuse`
--

INSERT INTO `hitokoto_refuse` (`id`, `hitokoto`, `type`, `from`, `creator`, `creator_uid`, `owner`, `created_at`) VALUES
(1, 'test', 'a', '月刊少男', 'freejishu', 0, NULL, '1471548073'),
(2, 'test', 'a', '月刊少男', 'freejishu', 0, NULL, '1471548073'),
(3, 'test2', 'a', '233', 'freejishu', 0, NULL, '1471548234'),
(4, '遇见你是我最美的意外。', 'a', '遇见', 'freejishu', 0, NULL, '1471621111'),
(5, '心怀希望，人才能够努力拼搏。', 'a', '1', 'freejishu', 0, NULL, '1471662009'),
(6, '以盐水作配菜，糖水做主食，就有种奢侈的感觉呢。', 'a', '233', 'freejishu', 0, NULL, '1471662255'),
(7, '有你在的日子才是我的日常。', 'a', '琴浦小姐', 'freejishu', 0, NULL, '1471865027'),
(8, '夹在我女友与前女友与青梅竹马间的果然是修罗场！', 'd', '我女友与青梅竹马的惨烈修罗场', 'freejishu', 0, NULL, '1471865094'),
(9, NULL, NULL, NULL, NULL, 0, NULL, NULL),
(10, NULL, NULL, NULL, NULL, 0, NULL, NULL),
(11, '我们总是在注意错过太多，却不注意自己拥有多少。', 'a', '我们仍未知道那天所看见的花的名字', 'freejishu', 0, NULL, '1471874703'),
(12, '小强QQ：541420514，暂时离开一言！', 'g', '小强', '小强', 0, NULL, '1472435312'),
(13, NULL, NULL, NULL, NULL, 0, NULL, NULL),
(14, '无论在哪里遇到你，我都会喜欢上你', 'a', 'angel beats', '酷儿', 0, NULL, '1472543128');

-- --------------------------------------------------------

--
-- 表的结构 `hitokoto_sentence`
--

CREATE TABLE IF NOT EXISTS `hitokoto_sentence` (
  `id` int(11) NOT NULL,
  `hitokoto` char(255) NOT NULL,
  `type` char(255) NOT NULL,
  `from` char(255) NOT NULL,
  `creator` char(255) NOT NULL,
  `creator_uid` int(11) DEFAULT NULL,
  `assessor` char(255) DEFAULT NULL,
  `owner` char(255) NOT NULL,
  `created_at` char(255) NOT NULL
) ENGINE=MyISAM AUTO_INCREMENT=519 DEFAULT CHARSET=utf8;

--
-- 转存表中的数据 `hitokoto_sentence`
--

INSERT INTO `hitokoto_sentence` (`id`, `hitokoto`, `type`, `from`, `creator`, `creator_uid`, `assessor`, `owner`, `created_at`) VALUES
(1, '与众不同的生活方式很累人呢，因为找不到借口。', 'a', '幸运星', '跳舞的果果', NULL, NULL, '0', '1468605909'),
(2, '面对就好，去经历就好。', 'a', '花伞菌', 'umbrella', NULL, NULL, '0', '1468605909'),
(3, '将愿望倾入不愿忘却的回忆中⋯⋯', 'a', 'ef-a tale of memories', 'lqsasa', NULL, NULL, '0', '1468605909'),
(4, '美好的人眼裡映出的世界也是美好的。', 'a', 'ARIA', 'misaki', NULL, NULL, '0', '1468605909'),
(5, '看似美好的东西，往往藏着陷阱。', 'a', '只有神知道的世界', '紫月岚', NULL, NULL, '0', '1468605909'),
(6, '天空是连着的，如果我们也能各自发光的话，无论距离有多远，都能看到彼此努力的身影。', 'a', '龙虎斗', 'Sai', NULL, NULL, '0', '1468605909'),
(7, '恋ではなく、爱でもなく、もっとずっと 深く重い。', 'a', 'sweet   pool', '占星术杀人魔法', NULL, NULL, '0', '1468605909'),
(8, '花开花落，再灿烂的星光也会消失。', 'a', '圣斗士星矢', '水幻之音', NULL, NULL, '0', '1468605909'),
(9, '挡着在我们面前的是巨大庞然的人生，阻隔在我们中间的是广阔无际的时间，对于他们，我们无能为力⋯⋯', 'a', '秒速五厘米', 'zjl4835751', NULL, NULL, '0', '1468605909'),
(10, '我是一个经常笑的人，可我不是经常开心的人。', 'a', '未闻花名', 'Sai', NULL, NULL, '0', '1468605909'),
(11, '努力是不会背叛自己的，虽然梦想有时会背叛自己。', 'a', '我的青春恋爱物语果然有问题', '百花残', NULL, NULL, '0', '1468605909'),
(12, '人经历风浪是会变得更强，可是船不同，日积月累的只有伤痛。', 'a', '海贼王', 'Jonse', NULL, NULL, '0', '1468605909'),
(13, '真相只有一个！', 'a', '柯南', 'freejishu', NULL, NULL, '0', '1468605909'),
(14, '用你的笑容去改变这个世界，别让这个世界改变了你的笑容。', 'a', '网络', '酱七', NULL, NULL, '0', '1468605909'),
(15, '我有在反省，但我不后悔。', 'a', '物语系列', 'billykingzero', NULL, NULL, '0', '1468605909'),
(16, '我没有梦想，但是我能保护！', 'a', '假面骑士555', '魅影陌客', NULL, NULL, '0', '1468605909'),
(17, '或许只需一滴露水，便能守护这绽放的花朵。', 'a', '反叛的鲁鲁修', '夜夜天天', NULL, NULL, '0', '1468605909'),
(18, '我不会让任何人看到我软弱的一面。', 'a', '桔梗', '星之彼岸', NULL, NULL, '0', '1468605909'),
(19, '当你想做一件事，却无能为力的时候，是最痛苦的。', 'a', '高达SEED', '矢野加奈', NULL, NULL, '0', '1468605909'),
(20, '我的腿让我停下，可是心却不允许我那么做。', 'a', '钢之炼金术师', 'Sakamoto', NULL, NULL, '0', '1468605909'),
(21, '我手中的魔法，是守护挚爱的力量，是坚定这个信念所必须的力量，我一定会拯救你的，无论在何时、何地。', 'a', '魔法少女奈叶', 'Sai', NULL, NULL, '0', '1468605909'),
(22, '比任何人都要了解自己，比任何人都要关爱自己。喜欢上这样的人，并没有什么奇怪的呢。', 'a', '初音岛', 'xiao2009cn', NULL, NULL, '0', '1468605909'),
(23, '像平常的你一样引发奇迹吧-', 'a', '魔法少女小圆', 'ludk60', NULL, NULL, '0', '1468605909'),
(24, '既不回头，何必不忘；既然无缘，何须誓言；今日种种，似水无痕；明夕何夕，君已陌路。', 'a', '仙剑奇侠传', '赵吟风', NULL, NULL, '0', '1468605909'),
(25, '可是就算我们通一千次短信，我们各自的心，大概也只会相互靠近一厘米吧。', 'a', '秒速5厘米', '西泽空', NULL, NULL, '0', '1468605909'),
(26, '所谓的言语，只有当对方听进去了才开始有意义啊。', 'a', '少年同盟', 'alwaysandforever', NULL, NULL, '0', '1468605909'),
(27, '如果还有来生 ，我无论如何都要来到你身边，我已经没有了其他想要追求的东西，因为没有比你更重要的了。', 'a', '秒速五厘米', 'Sai', NULL, NULL, '0', '1468605909'),
(28, '世界上没有一个人能代替另一个人。', 'a', '人型电脑天使心', '夏红莲', NULL, NULL, '0', '1468605909'),
(29, '其实，恋爱这种东西，当你看上人家的那一刹那就已经失败了。', 'a', '秋之回忆', 'LT2142', NULL, NULL, '0', '1468605909'),
(30, '隐约雷鸣，阴霾天空，即使天无雨，我亦留此地。', 'a', '言叶之庭', '_____丶X。', NULL, NULL, '0', '1468605909'),
(31, '就是因为你不好，才要留在你身边，给你幸福。', 'a', '哈尔的移动城堡', '空城”旧梦', NULL, NULL, '0', '1468605909'),
(32, '微风摇曳着窗帘，夕阳斜射入教室，在那里鼓起勇气告白的少年。即使现在也能清晰地回想起她的声音「当朋友，不行吗？」', 'a', '果然我的青春恋爱喜剧搞错了', 'retaker', NULL, NULL, '0', '1468605909'),
(33, '少罗嗦，你还不如虫子呢！', 'a', '迷糊餐厅', '萌朧意識', NULL, NULL, '0', '1468605909'),
(34, '别人恋爱不成功，你连暗恋都不成功！', 'a', '灌篮高手', 'Sai', NULL, NULL, '0', '1468605909'),
(35, '就算只有六十亿分之一的机会，我们还是会邂逅。', 'a', 'Angel Beats!', '灼思', NULL, NULL, '0', '1468605909'),
(36, '魔装少女就是本少爷！', 'a', '这是僵尸吗？', '零之幻想', NULL, NULL, '0', '1468605909'),
(37, '无法飞翔的翅膀也是有意义的，因为它是曾经翱翔于天空所留下的珍贵回忆。', 'a', 'AIR', '掌中tiger', NULL, NULL, '0', '1468605909'),
(38, '勇气，就是即便害怕也会去做。', 'a', '原创', '岛音。', NULL, NULL, '0', '1468605909'),
(39, '如果我不会飞，那我就只是一只普通的猪。', 'a', '红猪', 'anythink', NULL, NULL, '0', '1468605909'),
(40, '要相信同伴，拯救同伴。', 'a', '绯弹的亚里亚', '星野望', NULL, NULL, '0', '1468605909'),
(41, '什么都无法舍弃的人，什么都无法改变 。', 'a', '进击的巨人', '空城‘’旧梦', NULL, NULL, '0', '1468605909'),
(42, '男人许下的诺言就一定要遵守。', 'a', '海贼王', '南瓜酱', NULL, NULL, '0', '1468605909'),
(43, '那是，未满45秒的邂逅。', 'a', 'EF', 'Mion', NULL, NULL, '0', '1468605909'),
(44, '只要有想见面的人，自己就不再是孤单一人。', 'a', '夏目友人帐', '夜雨寒', NULL, NULL, '0', '1468605909'),
(45, '如果聚集负的感情，世界就会陷入负的洪流；反之聚集正的感情，世界就会循着正道而行。', 'a', '钢之炼金术师', '影火虫', NULL, NULL, '0', '1468605909'),
(46, '廉价的自尊、粗劣的傲气，无论哪个后生小辈都很重视这些东西。', 'a', '狼与香辛料', '立花纹', NULL, NULL, '0', '1468605909'),
(47, '人不能一个人活下去，不需要任何人的孤独和需要人但得不到的孤独是不一样的。', 'a', '邻座的怪同学', '占星术杀人魔法', NULL, NULL, '0', '1468605909'),
(48, '一个人吃饭，太寂寞了。', 'a', '无头骑士异闻录', '世风', NULL, NULL, '0', '1468605909'),
(49, '欺骗世界，欺骗最初的你。', 'a', 'Steins;Gate', '南都夜夜', NULL, NULL, '0', '1468605909'),
(50, '(」・ω・)」うー！(／・ω・)／にゃー！', 'a', '潜行吧奈亚子', '繋がれた愚者', NULL, NULL, '0', '1468605909'),
(51, '世界上没有偶然，有的只是必然。', 'a', 'XXXHolic', '279120482', NULL, NULL, '0', '1468605909'),
(52, '从小好女色的男人的想像力比不上狗。', 'a', '寒蝉鸣泣之时', 'Sai', NULL, NULL, '0', '1468605909'),
(53, '你愿意陪我走到地狱的底端吗？', 'a', '魔法禁书目录', 'icecai123', NULL, NULL, '0', '1468605909'),
(54, '错的不是我， 错的是世界。', 'a', 'School Day', '雪丶风', NULL, NULL, '0', '1468605909'),
(55, '和哥哥的便当比起来夜空的薯片就像大便一样！只会给我大便的大便夜空是笨蛋～笨蛋～', 'a', '我的朋友很少', '初语', NULL, NULL, '0', '1468605909'),
(56, '即使如此，我也有我想保护的世界！', 'a', '高达seed', '幻、天使', NULL, NULL, '0', '1468605909'),
(57, '我很好奇！', 'a', '冰菓', '久野原', NULL, NULL, '0', '1468605909'),
(58, '仍是那么熟悉的味道，只是用墓土和骨灰作成的身体，已经不再有体温。', 'a', '犬夜叉', 'Sai', NULL, NULL, '0', '1468605909'),
(59, '我是要成为海贼王的男人！', 'a', '海贼王', 'Sai', NULL, NULL, '0', '1468605909'),
(60, '做不到的话，不过就是一死 。但是，赢了就能活下去，要是不战斗就赢不了。', 'a', '进击的巨人', '吢月', NULL, NULL, '0', '1468605909'),
(61, '忘记本身就是一件不可能的事。', 'a', '我们的存在', 'Sai', NULL, NULL, '0', '1468605909'),
(62, '我们的夏天仍未结束。', 'a', '王牌投手', '新月', NULL, NULL, '0', '1468605909'),
(63, '雨，何时停？', 'a', '秋之回忆', 'LT2142', NULL, NULL, '0', '1468605909'),
(64, '在走廊上跌倒会流鼻血，在人生中跌倒会流眼泪。', 'a', '龙虎斗', '雪白封印', NULL, NULL, '0', '1468605909'),
(65, '有被杀的觉悟，才有资格开枪。', 'a', '反叛的鲁路修', 'SweatHeart', NULL, NULL, '0', '1468605909'),
(66, '已经无法回到过去了。也不知道将来会是什么模样。', 'a', '文学少女', '万至阳', NULL, NULL, '0', '1468605909'),
(67, '不要哀求，学会争取；若是如此，终有所获。', 'a', '交响诗篇', '空色の风琴', NULL, NULL, '0', '1468605909'),
(68, 'リア充死ね！', 'a', '我的朋友很少', 'ryo', NULL, NULL, '0', '1468605909'),
(69, '拿着刀并且可以让人们变得幸福的只有料理人。', 'a', '假面骑士kabuto', 'アリス', NULL, NULL, '0', '1468605909'),
(70, '我会跟她结婚，并不是因为她是计算机，而是因为她就是她。同样的，我会喜欢你，也是因为你就是你。', 'a', '人型电脑天使心', 'Sai', NULL, NULL, '0', '1468605909'),
(71, '越是试着忘记，越是记得深刻。', 'a', '天空之城', 'anythink', NULL, NULL, '0', '1468605909'),
(72, '喜欢上你，爱上你，真是太好了，谢谢。', 'a', '龙虎斗', 'xiaozhusirs', NULL, NULL, '0', '1468605909'),
(73, '我对普通的人类没有兴趣，你们只要是有外星人、未来人、异世界人、超能力者， 就尽管来找我吧！以上！', 'a', '凉宫春日的忧郁', 'xdcr2507', NULL, NULL, '', '1468605909'),
(74, '既然如此，就再努力一次吧。别在这里愁眉不展，也不要再自欺欺人，重新来过！', 'a', '某科学的超电磁炮', '№1‰の薇恩', NULL, NULL, '0', '1468605909'),
(75, '若隐若现才是艺术！', 'a', '问题儿童来自异世界', '言叶', NULL, NULL, '0', '1468605909'),
(76, '我想要握紧的并不是匕首或是什么，只不过是他的掌心而已。', 'a', '空之境界', '万事屋神乐酱', NULL, NULL, '0', '1468605909'),
(77, '下一次重逢，将是何年何月？天空必将见证。', 'a', 'SOLA', '掌中tiger', NULL, NULL, '0', '1468605909'),
(78, '就连一直都无容身之地的我⋯⋯也不是可以任意舍弃的生命。', 'a', '夏目友人帐', 'Sai', NULL, NULL, '0', '1468605909'),
(79, '所以，他们的祭典还没结束。', 'a', '我的青春恋爱物语果然有问题', '阿布碳。', NULL, NULL, '0', '1468605909'),
(80, '比自己，比梦想更重要的东西永远都存在着...', 'a', '钢之炼金术师', 'hccs', NULL, NULL, '', '1468605909'),
(81, '选择道路的时候怎么犹豫都没有关系，但决定之后就一定要坚持到底！', 'a', '青之驱魔师', '..控、', NULL, NULL, '0', '1468605909'),
(82, '煩い！煩い！煩い！', 'a', '灼眼的夏娜', 'yeyifangg', NULL, NULL, '0', '1468605909'),
(83, '重要的是无论我们选择哪条路，都要担负起选择的责任。', 'a', '花本修司 in &lt;蜂蜜与四叶草&gt;', 'funkyholic', NULL, NULL, '0', '1468605909'),
(84, '因为无法再见面，所以要笑着说再见。', 'a', 'AIR', 'Sai', NULL, NULL, '0', '1468605909'),
(85, '无论乌云有多浓厚，星星也一定还在，只是暂时看不到了而已。', 'a', '电波女与青春男', '电波吧L君', NULL, NULL, '0', '1468605909'),
(86, '如果我拥有如同小狗一样的尾巴的话，肯定会高兴得遮掩不住地摇来摇去吧。', 'a', '秒速五厘米', 'Akechi', NULL, NULL, '0', '1468605909'),
(87, '在我年轻的时候，不知道什么是恐惧，可偏偏是你的温柔，让我害怕。', 'a', '东京爱情故事', 'garlicbetty', NULL, NULL, '0', '1468605909'),
(88, '你不会死的，因为我会保护你.', 'a', 'EVA', '绤谷少年。', NULL, NULL, '0', '1468605909'),
(89, '只是相谈就会开心起来，沉浸在温柔的眼神当中，竭尽全力的思念，悄悄地奉献。', 'a', 'School Days', 'Sai', NULL, NULL, '0', '1468605909'),
(90, '我们虽然距离很远很远，非常非常的远，但是思念或许真的可以穿越时间和距离。', 'a', '星之声', '仰望最初', NULL, NULL, '0', '1468605909'),
(91, '梦想是否无聊并不是别人来决定的，不管是什么样的梦想，自己拼命努力去追寻才是最重要的。', 'a', '守护甜心', '默默然', NULL, NULL, '0', '1468605909'),
(92, '胜而不灭，霸而不辱，这才是真正的征服。', 'a', 'fate zero', '以风之名', NULL, NULL, '0', '1468605909'),
(93, '我相信十年后的八月，我们还能再相遇。', 'a', '那朵花', 'ツ绯/D誓言↙', NULL, NULL, '0', '1468605909'),
(94, '相信十年后的八月，我们还会相遇。', 'a', '未闻花名', 'Sai', NULL, NULL, '0', '1468605909'),
(95, '你的心可以属于耶稣，但你的屁股永远属于陆战队！', 'a', '魔法少女陆战队', 'jordan2004a', NULL, NULL, '0', '1468605909'),
(96, '看到的感受到的永远都不会消失永远都不会忘记，与各种各样的相遇一同永存。', 'a', '夏目友人帐', 'Sai', NULL, NULL, '0', '1468605909'),
(97, '我们走过风走过雨，就是没能走进彼此的内心。', 'a', '自分', '漠伦', NULL, NULL, '0', '1468605909'),
(98, '烦恼这东西，是只有活着的人，才有的特权哦。', 'a', '我们的存在', '伊达樱', NULL, NULL, '0', '1468605909'),
(99, '当朋友是不需要什么资格的。', 'a', '全职猎人', '绤谷少年。', NULL, NULL, '0', '1468605909'),
(100, '年华无多时，恋爱吧男子！', 'a', '源君物语', '当希望破灭时__', NULL, NULL, '0', '1468605909'),
(101, '求你，保护那孩子，消除灾厄，抹除祸事。哪怕⋯⋯那是我自己⋯⋯', 'a', '食灵', '游啊游の猪', NULL, NULL, '0', '1468605909'),
(102, '如果你不能击败你的敌人，那么就加入他们。', 'a', '加菲猫', 'xi4oh4o', NULL, NULL, '0', '1468605909'),
(103, '我们都在命运之湖上荡舟划桨，波浪起伏着而我们无法逃脱孤航。但是假使我们迷失了方向，波浪将指引我们穿越另一天的曙光。', 'a', '死神', 'Sai', NULL, NULL, '0', '1468605909'),
(104, '我们所过的每个平凡的日常，也许就是连续发生的奇迹。', 'a', '日常', '桜花幻影', NULL, NULL, '0', '1468605909'),
(105, '最近困扰我的是小小的分别，总会带来一丝寂寞。短暂的相遇和分别那一分一秒的时间都让我想要无比珍惜。', 'a', '夏目友人帐', 'Sai', NULL, NULL, '0', '1468605909'),
(106, '倘若只是为了驱赶心中的寂寞，找谁都可以的。', 'a', '秒速5厘米', 'ggdog', NULL, NULL, '0', '1468605909'),
(107, '即使从梦中醒来，还会有回忆留下。', 'a', 'AIR', 'Sai', NULL, NULL, '0', '1468605909'),
(108, '能够原谅女人的，才是男人。', 'a', '海贼王', '798750776', NULL, NULL, '0', '1468605909'),
(109, '我会继续等着你，就算是一万二千年。', 'a', '创圣的大天使EVOL', '19920214', NULL, NULL, '0', '1468605909'),
(110, '不管看到什么样的过去，都请不要迷失自己，不管你变成什么样子，我都是你的同伴。', 'a', 'angel beats', '魅影陌客', NULL, NULL, '0', '1468605909'),
(111, '悲伤教会了我喜悦。', 'a', '秋之回忆', 'LT2142', NULL, NULL, '0', '1468605909'),
(112, '我到底要以怎么样的速度生活才能与你再次相遇？', 'a', '秒速五厘米', '跳舞的果果', NULL, NULL, '0', '1468605909'),
(113, '我的船上没有手下，只有伙伴。', 'a', '海贼王', '明雪嫣', NULL, NULL, '0', '1468605910'),
(114, '就是因为抱有不现实的理想，所以才总是做出如此极端的事情！', 'a', '逆袭的夏亚', '言靈', NULL, NULL, '0', '1468605910'),
(115, '要是因为烦恼很痛苦，就选择了轻松的选项，将来一定会后悔。', 'a', '樱花庄的宠物女孩', '青熊兽真烦人', NULL, NULL, '0', '1468605910'),
(116, '呐，知道么，樱花飘落的速度，是每秒五厘米哦~', 'a', '秒速五厘米', '烤飞鱼的土豆', NULL, NULL, '0', '1468605910'),
(117, '知道活着的痛苦处的人就能对人温柔，这和软弱是不一样的。', 'a', 'eva', '林志广', NULL, NULL, '0', '1468605910'),
(118, '比起悲伤来说，无法分享快乐这件事，要更加的寂寞吧。', 'a', 'AIR', '林志广', NULL, NULL, '0', '1468605910'),
(119, '如果你执意追寻着我的幻影，总有一天会被真正的我打败。', 'a', '棋魂', '炎羽', NULL, NULL, '0', '1468605910'),
(120, '乔巴，一个男人，有时候是不能逃避战斗的，尤其是当伙伴的梦想被人嘲笑的时候。', 'a', '海贼王', '灰之言', NULL, NULL, '0', '1468605910'),
(121, '你的那双手呢，是为了紧紧抓住什么而存在的哦。', 'a', '仰望半月的夜空', 'shijiongyuan', NULL, NULL, '0', '1468605910'),
(122, '去死两次！', 'a', '迷途猫', 'Sai', NULL, NULL, '0', '1468605910'),
(123, '世界は恋に落ちている。', 'a', '青春之旅OP（我的世界已坠入爱河）', '咖啡少年不加糖', NULL, NULL, '0', '1468605910'),
(124, '自身不先改变的话，一切都不会改变。', 'a', '银魂', 'misora', NULL, NULL, '0', '1468605910'),
(125, '就算是对我抱有敌意的人，也是被某个人深爱着而降生在这个世界上的。', 'a', '罪恶王冠', '红叶乘风我愿', NULL, NULL, '0', '1468605910'),
(126, '人生最糟糕的事，一个是饿肚子，一个是孤独。', 'a', '夏日大作战', '空城”旧梦', NULL, NULL, '0', '1468605910'),
(127, '我不是萝莉控，是妹控啊！', 'a', '我的妹妹不可能那么可爱第二季', '梁钲恒', NULL, NULL, '0', '1468605910'),
(128, '呐，我们好像是，被宇宙和地球拆散的恋人似的。', 'a', '星之声', 'yeyifangg', NULL, NULL, '0', '1468605910'),
(129, '一天吐槽太多次的话，梗也是会用完的。', 'a', '我的脑内恋爱选项', 'hsk', NULL, NULL, '0', '1468605910'),
(130, '自己的感觉，不说出来，别人也不会懂，如果不懂，就应该互相沟通。', 'a', '好想告诉你', 'Sai', NULL, NULL, '0', '1468605910'),
(131, '心，可是很重的。', 'a', '哈尔的移动城堡', 'fujiyta', NULL, NULL, '0', '1468605910'),
(132, '不能逃避，不能逃避，不能逃避，不能逃避⋯⋯', 'a', 'EVA', '憾天之泪', NULL, NULL, '0', '1468605910'),
(133, '以盐水作配菜，糖水做主食，就有种奢侈的感觉呢。', 'a', '笨蛋测验召唤兽', '伊织刹那', NULL, NULL, '0', '1468605910'),
(134, '就算鼻血流尽，也不能放弃妄想。', 'a', '摇曳百合', '守护那份情', NULL, NULL, '0', '1468605910'),
(135, '爱，其实很简单，困难的是去接受它。', 'a', '通灵王', 'Sai', NULL, NULL, '', '1468605910'),
(136, '我们不应该根据背负的罪孽来选择道路，而应在选择的道路上背负自己的罪孽。', 'a', '空之境界', '世风', NULL, NULL, '0', '1468605910'),
(137, '只要微笑就可以了。', 'a', 'EVA', '卍谷', NULL, NULL, '0', '1468605910'),
(138, '因为我喜欢你，喜欢得想吃掉你啊！', 'a', '有顶天家族', '丶Jan', NULL, NULL, '0', '1468605910'),
(139, '求求你，不要对我这么温柔！', 'a', '秒速五厘米', '被流放de蟹子', NULL, NULL, '0', '1468605910'),
(140, '我觉得你很幸福，因为你可以选择爱我或不爱我，而我只能选择爱你或更爱你。', 'a', 'School Days', '天與地的巡禮', NULL, NULL, '0', '1468605910'),
(141, '失去的东西虽然拿不回来，但是，忘记的事情是可以想起来的。', 'a', 'TOUCH', '星野月瞳', NULL, NULL, '0', '1468605910'),
(142, '你还是这么冷漠啊。不过，仅此而已的话，我是不会泄气的。', 'a', '银魂', 'Sai', NULL, NULL, '0', '1468605910'),
(143, '我能够允许你逃避过去，不过至少从现在或者明天开始都不要再逃避。', 'a', '无头骑士异闻录', '魅影陌客', NULL, NULL, '0', '1468605910'),
(144, '正因为听不见和看不到，所以风子才会做这样的事情。', 'a', '《clannad》', '悠光喵~~', NULL, NULL, '0', '1468605910'),
(145, '什么都无所谓只想在你身边，什么都无所谓只想和你说话，什么都无所谓所以请你不要逃避。', 'a', '好想告诉你', 'Sai', NULL, NULL, '0', '1468605910'),
(146, '我并不羡慕别人的人生，这就是所谓幸福。', 'a', '幸运星', 'Sai', NULL, NULL, '0', '1468605910'),
(147, '人能够在心里郁积那么多的事情，而他们又会忘记那么多的事情，真是不可思议⋯⋯', 'a', '最终幻想', '域水结界', NULL, NULL, '0', '1468605910'),
(148, '我要拼，装上假牙也要拼！', 'a', '灌篮高手', 'Sai', NULL, NULL, '0', '1468605910'),
(149, '人一生会遇到约2920万人，两个人相爱的概率是0.000049。所以你不爱我，我不怪你。', 'a', '秒速五厘米', '青熊兽真烦人', NULL, NULL, '0', '1468605910'),
(150, '我的内心就和厕纸一样单纯！', 'a', 'Little Busters!', '科迪', NULL, NULL, '0', '1468605910'),
(151, '我的眼睛，就是为了寻找你而存在的。', 'a', 'H2O', '雾雨魔里纱', NULL, NULL, '0', '1468605910'),
(152, '烈焰中舞动的火花，将赐予邪恶异性交往以天罚。', 'a', '潜行吧！奈亚子W', '1272146309@qq.com', NULL, NULL, '0', '1468605910'),
(153, 'All for one，one for all.', 'a', '海贼王', '青熊兽真烦人', NULL, NULL, '', '1468605910'),
(154, '老是低着头，幸福可是会离你而去的喔。', 'a', '我们的仙境', '南风之弦', NULL, NULL, '0', '1468605910'),
(155, '羁绊是那不可切断的深切联系。即使分离，心与心也紧紧的连在一起。', 'a', '假面骑士kabuto', 'アリス', NULL, NULL, '0', '1468605910'),
(156, '对不起，风太大，我没有听清楚⋯⋯', 'a', '东京巴比伦', '水幻之音', NULL, NULL, '0', '1468605910'),
(157, '你知道雪为什么是白色的吗？因为她忘记了本来的颜色。', 'a', '反叛的鲁路修', '掌中tiger', NULL, NULL, '0', '1468605910'),
(158, '人生在世何其痛苦，所以咖啡至少该甜一点。', 'a', '我的青春恋爱物语果然有问题', '以风之名', NULL, NULL, '0', '1468605910'),
(159, '我想让自己强大起来，因为至少我已经有幸和想要保护的人相遇了。', 'a', '夏目友人帐', 'Sai', NULL, NULL, '0', '1468605910'),
(160, '我只是做了我能做的事，没有时间想将来。', 'a', '秒速五厘米', 'Sai', NULL, NULL, '0', '1468605910'),
(161, '一天最大任务莫过于，好好睡觉，好好醒来。', 'a', '火影忍者', 'Sai', NULL, NULL, '0', '1468605910'),
(162, '不相信人咬不到肚脐的，咬破肚脐去死如何？', 'a', '海猫鸣泣之时', '凌小雅', NULL, NULL, '0', '1468605910'),
(163, '一直保持微笑是有诀窍的，那就是，在想哭的时候放声大哭。', 'a', '天使领域', '夏未安', NULL, NULL, '0', '1468605910'),
(164, '女人的武器不是眼泪，而是微笑。', 'a', '凉宫春日的忧郁', 'Sai', NULL, NULL, '0', '1468605910'),
(165, '十步做一死，千里不留行，事了拂衣去，深藏功与名~', 'a', '侠客行', 'Lozye', NULL, NULL, '0', '1468605910'),
(166, '只要有你，我便无所不能。', 'a', '进击的巨人', '饼干', NULL, NULL, '0', '1468605910'),
(167, '不相信自己的人，连努力的价值都没有。', 'a', '火影忍者', '泠树', NULL, NULL, '0', '1468605910'),
(168, '我只对现实世界绝望过，却未对自己绝望过！', 'a', '只有神知道的世界', '魅影陌客', NULL, NULL, '0', '1468605910'),
(169, '虚伪的眼泪，会伤害别人，虚伪的笑容，会伤害自己。', 'a', '反叛的鲁鲁修', '雪丶风', NULL, NULL, '0', '1468605910'),
(170, '我除了投三分，就什么都没有了⋯⋯', 'a', '灌篮高手', 'Sai', NULL, NULL, '0', '1468605911'),
(171, '(눈_눈)', 'a', '进击的巨人', '世风', NULL, NULL, '0', '1468605911'),
(172, '我在人生的道路上迷失了。', 'a', '火影忍者', 'Sai', NULL, NULL, '0', '1468605911'),
(173, '历史虽然会一再重演，但人类却无法回到过去。', 'a', '海贼王', 'Sai', NULL, NULL, '0', '1468605911'),
(174, '观察铅笔和橡皮，哪个是攻哪个是受，请写出它们晚上的对话。', 'a', '学生会的一己之见', '牧瀨、紅莉棲', NULL, NULL, '0', '1468605911'),
(175, '龙儿是我的，谁都不准碰！', 'a', '龙虎斗', '游啊游の猪', NULL, NULL, '0', '1468605911'),
(176, '贫乳是社会地位的象征。是具有稀有价值的！', 'a', '幸运星', '无限通行', NULL, NULL, '0', '1468605911'),
(177, '想要试着去相互接近，但最后还是无法敞开心扉，结果就是擦肩而过⋯⋯', 'a', '文学少女', '芽衣洛', NULL, NULL, '0', '1468605911'),
(178, '扎古不论怎么化妆都不可能变成高达的。', 'a', '银魂', 'アルム', NULL, NULL, '0', '1468605911'),
(179, '我在未来等你。', 'a', '穿越时空的少女', '库腐腐', NULL, NULL, '0', '1468605911'),
(180, '一般来说，时间会把悲伤冲淡，可是在人的生命中，会有那么一两个特殊的存在，他们的逝去，你永远也不会习惯。', 'a', '冥王神话', '立花纹', NULL, NULL, '0', '1468605911'),
(181, '懂得认输是非常重要的，不尝到失败的不甘，也就不会明白跌倒后怎么爬起来，更不可能再向前迈进。', 'a', '笨蛋测验召唤兽', '世风', NULL, NULL, '0', '1468605911'),
(182, '要改变别人的心真是件很难办的事，不过改变自己要容易一点。', 'a', 'XXXHolic', 'E聋魍魉', NULL, NULL, '0', '1468605911'),
(183, '我喜欢你们！超喜欢的！大家和我交往吧！绝对会让你们幸福的！', 'a', '学生会的一己之见', 'yeyifangg', NULL, NULL, '0', '1468605911'),
(184, '美丽的不是这个世界，而是看世界的你的眼神。', 'a', '吸血鬼骑士', '燿燿', NULL, NULL, '0', '1468605911'),
(185, '世界这么大，人生这么长，总会有那么一个人，让你想要温柔的对待。', 'a', '哈尔的移动城堡', 'anythink', NULL, NULL, '0', '1468605911'),
(186, '成功率不到2%，那剩下的用勇气来补足吧！', 'a', '勇者王', '魅影陌客', NULL, NULL, '0', '1468605911'),
(187, '我一直都在你身边 ，一直都在。', 'a', 'CLANNAD', 'Samurai', NULL, NULL, '0', '1468605911'),
(188, '重要的不是你做了多少事，而是你放了多少心思进去。', 'a', '凉宫春日的忧郁', 'Sai', NULL, NULL, '0', '1468605911'),
(189, '过分的神圣，往往比恶魔更加恶质。', 'a', '黑执事', 'Sai', NULL, NULL, '0', '1468605911'),
(190, '哭泣并不能改变任何事情。', 'a', '推理之绊', 'Sai', NULL, NULL, '0', '1468605911'),
(191, '代表月亮消灭你！', 'a', '美少女战士', 'edvda', NULL, NULL, '0', '1468605911'),
(192, '不要，我现在暂时留在他身边，直到那转瞬即逝的日子到来。', 'a', '夏目友人帐', 'Sai', NULL, NULL, '0', '1468605911'),
(193, '就算是自私⋯⋯我也希望那些人能够永远都有笑容⋯⋯', 'a', '夏目友人帐', 'Sai', NULL, NULL, '0', '1468605911'),
(194, '我们开始一起攀登，这长长的，长长的坡道。', 'a', 'Clannad', '被流放de蟹子', NULL, NULL, '0', '1468605911'),
(195, '应该可以了吧，我已经很努力了，应该可以抵达终点了⋯⋯', 'a', 'AIR', '绤谷少年。', NULL, NULL, '0', '1468605911'),
(196, '离别并不痛苦，因为我们都微笑着。', 'a', '青之驱魔师', '腹黑小兔', NULL, NULL, '0', '1468605911'),
(197, '只要能努力，就应当去努力；只要还能前进，就要向前走去。', 'a', 'CLANNAD', 'Sai', NULL, NULL, '0', '1468605911'),
(198, '邂逅本身，就是一种奇迹啊。', 'a', '游魂', '以风之名', NULL, NULL, '0', '1468605912'),
(199, '与其被自己的本性牵着走而痛苦，倒不如试着改变自己。', 'a', '银魂', 'Sai', NULL, NULL, '0', '1468605912'),
(200, '爱迪生说过：“要把BOSS打倒就要准备足够的等级。”', 'a', '学生会的一己之见', '牧瀨、紅莉棲', NULL, NULL, '0', '1468605912'),
(201, '世界并不完美，却因此而美丽。', 'a', '奇诺之旅', 'suicideXD', NULL, NULL, '0', '1468605912'),
(202, '我们的心就像那天空一样，永不分离。', 'a', '缘之空', '佰千莫', NULL, NULL, '0', '1468605912'),
(203, '和我定下契约，成为魔法少女吧！', 'a', '魔法少女小圆', '泠血·黑月', NULL, NULL, '0', '1468605912'),
(204, '一直注视着你，似近似远，总是触碰不到。', 'a', '来自风平浪静的明天', 'Dadicatus545', NULL, NULL, '0', '1468605912'),
(205, '我知道的，面码⋯⋯自己已经死掉这点事，还是知道的⋯⋯', 'a', '我们仍未知道那天所看见的花的名字', '迷途羊', NULL, NULL, '0', '1468605912'),
(206, '共道人间惆怅事，不知今夕是何年。', 'a', '周秦行纪', 'wuxiaodeid', NULL, NULL, '0', '1468605912'),
(207, '旅行唯有出发前最愉快，狗儿唯有叫声最吓人，女人唯有背影最美丽。', 'a', '狼与香辛料', '立花纹', NULL, NULL, '0', '1468605912'),
(208, '无论你在哪里，就算我看不见你，我也会一直注视着你。', 'a', '妖精的尾巴', '龙猫龙猫龙猫你好傻', NULL, NULL, '0', '1468605912'),
(209, '我不渴望什么在别的城市迎来的春天，只要和你在一起的春天就好，只要和你在一起就好⋯⋯', 'a', 'CLANNAD', 'Sai', NULL, NULL, '0', '1468605912'),
(210, '我的愿望是—幸福地活着，幸福地死去。', 'a', '神不在的星期天', '19920214', NULL, NULL, '0', '1468605912'),
(211, '今天你最后遇见的那个人有在微笑吗？', 'a', '幸运星', 'Sai', NULL, NULL, '0', '1468605912'),
(212, '我的终点，与幸福同在。', 'a', 'AIR', '掌中tiger', NULL, NULL, '0', '1468605912'),
(213, '隐约雷鸣，阴霾天空，但盼风雨来，能留你在此。', 'a', '言叶之庭', '_____丶X。', NULL, NULL, '0', '1468605912'),
(214, '我问你：你是我的Master吗？', 'a', '命运守护夜', '跳舞的果果', NULL, NULL, '0', '1468605912'),
(215, '私だって今日こそ... 遠野くんに告白するんだ。', 'a', '秒速五厘米', 'Sai', NULL, NULL, '0', '1468605912'),
(216, '时间并不存在，存在的只有此刻。', 'a', '魔女猎人', '绝聊', NULL, NULL, '0', '1468605913'),
(217, '没有期盼就不会出现奇迹。', 'a', '古城荆棘王', 'M崽', NULL, NULL, '0', '1468605913'),
(218, '受尽苦难而不厌，此乃阿修罗之道。', 'a', '海贼王', 'q84751202', NULL, NULL, '0', '1468605913'),
(219, '如果你都不知道自己想去哪里，那去哪里都是一样的。', 'a', '柴郡猫', 'Oxalis', NULL, NULL, '0', '1468605913'),
(220, '明天，不是你想要就能有的。', 'a', '未闻花名', 'なつめ たかし', NULL, NULL, '0', '1468605913'),
(221, '明明只是活着，哀伤却无处不在⋯⋯', 'a', '秒速五厘米', 'Rewrite', NULL, NULL, '0', '1468605913'),
(222, '错误可不是为了别人才改的过来的，要为了自己才能改正。', 'a', 'XXXHolic', '神之翼者', NULL, NULL, '0', '1468605913'),
(223, '男人从小的时候就是无药可救的。', 'a', '秋之回忆', 'LT2142', NULL, NULL, '0', '1468605913'),
(224, '如果我是那雨滴的话，那么，我能够像把不曾交汇的天空与大地连接起来那样，把某人的心串联起来吗？', 'a', '死神', '毒药toxic', NULL, NULL, '0', '1468605913'),
(225, '真可悲，你什么都不知道，在这个世界上没有什么是不重要的！', 'a', '最终幻想', 'qslzlancer', NULL, NULL, '0', '1468605913'),
(226, '前天是小兔子，昨天是小鹿，今天是你。', 'a', 'CLANNAD', '和你说88', NULL, NULL, '0', '1468605913'),
(227, '用我的左手将你那个不可理喻的幻想粉碎掉！', 'a', '魔法禁书目录', 'akirayc', NULL, NULL, '0', '1468605913'),
(228, '堕入黑暗裏的可怜影子啊，停止伤害他人的行为吧，犯下罪行的灵魂⋯⋯想死一次么？', 'a', '地狱少女', '游啊游の猪', NULL, NULL, '0', '1468605914'),
(229, '男人变态有什么错！', 'a', '寒蝉鸣泣之时', '哀音', NULL, NULL, '0', '1468605914'),
(230, '人们只是用好人来称呼对自己有用的人而以，不存在对所有人都有用的人。', 'a', '进击的巨人', '占星术杀人魔法', NULL, NULL, '0', '1468605914'),
(231, '真正的危机不是机器人像人一样思考，而是人像机器一样思考。', 'a', '凉宫春日的忧郁', 'Sai', NULL, NULL, '0', '1468605914'),
(232, '人は一生、中二病なんだ。', 'a', '中二病也要谈恋爱', 'tabrithzmh', NULL, NULL, '0', '1468605914'),
(233, '能够轻易就放弃的梦想，有存在的价值么？', 'a', '守护甜心', '亂紅蓮', NULL, NULL, '0', '1468605914'),
(234, '没有谁能够永远坚强下去的，每个人都会有疲累的无法站起的时候。世间的故事，就是为了这一刻而存在的哦。', 'a', '文学少女', '酱七', NULL, NULL, '0', '1468605914'),
(235, '只要你在，我便无所不能。', 'a', '进击的巨人', '570964968', NULL, NULL, '0', '1468605914'),
(236, '24岁的阿升你好，我是15岁的美加子，我现在也还是非常、非常的喜欢阿升哦！', 'a', '星之声', 'Sai', NULL, NULL, '0', '1468605915'),
(237, '比希望更炙热，比绝望更深邃，这就是爱啊。', 'a', '魔法少女小圆-叛逆的物语', 'chaucerling', NULL, NULL, '0', '1468605915'),
(238, '如果你愿意的话，让我带您去吧，这座小镇，愿望实现的地方⋯⋯', 'a', 'CLANNAD', '沙茶酱', NULL, NULL, '0', '1468605915'),
(239, '窃人者，自失其宝。', 'a', '假面骑士kabuto', 'アリス', NULL, NULL, '0', '1468605916'),
(240, '有你在的日子才是我的日常。', 'a', '琴浦小姐', '红叶乘风我愿', NULL, NULL, '0', '1468605916'),
(241, '男人就应该保持冷静，沸腾的水只会被蒸发掉。', 'a', '假面骑士kabuto', '魅影陌客', NULL, NULL, '0', '1468605916'),
(242, '嗯，一个人也要加油，我是坚强的孩子。', 'a', 'AIR', 'cloverxue', NULL, NULL, '0', '1468605916'),
(243, '时间带着明显的恶意，缓缓在我的头顶流逝。', 'a', '秒速五厘米', 'Sai', NULL, NULL, '0', '1468605917'),
(244, '人的记忆本来就是暧昧的，不值得信任。', 'a', '叛逆的鲁鲁修R2', '奇迹之梦', NULL, NULL, '0', '1468605917'),
(245, '有光的地方必有影，有影的地方也必定有光，绝望的颜色越是浓重，一定会有光芒耀眼的希望。', 'a', '银魂', 'Sai', NULL, NULL, '0', '1468605918'),
(246, '时间可以治愈？如果时间也病了怎么办？', 'a', '寒蝉鸣泣之时', '“萌”字~好~', NULL, NULL, '0', '1468605918'),
(247, '无论在哪里遇到你，我都会喜欢上你。', 'a', 'AngleBeats!', '世风', NULL, NULL, '0', '1468605919'),
(248, '取少量学生放入试管，加入过量作业，生成学霸溶液和不溶于水的学渣。过滤，在学渣中加入过量浓试卷，学渣迅速溶解且产生气泡，学霸则无明显现象。', 'a', '网络', 'luguoo', NULL, NULL, '0', '1468605919'),
(249, '如果你死了，那什么也改变不了，可如果你还活着，那就能改变一些事情。', 'a', '最游记', '雪丶风', NULL, NULL, '0', '1468605920'),
(250, '我裤子都脱了你就给我看这个！！！', 'a', '', '占星术杀人魔法', NULL, NULL, '0', '1468605920'),
(251, '没有谁能够永远坚强下去的，每个人都会有疲累的无法站起的时候。世间的故事，就是为了这一刻而存在的哦。', 'a', '文学少女', '遥かな日々', NULL, NULL, '0', '1468605920'),
(252, '燃烧吧，我的小宇宙！', 'a', '圣斗士星矢', '跳舞的果果', NULL, NULL, '0', '1468605921'),
(253, '无法逃避的是自我，而无法挽回的是过去。', 'a', '机动战士高达', 'Sai', NULL, NULL, '0', '1468605921'),
(254, '做出一副温柔的样子来折磨人不是更令人难受吗？', 'a', '我的青春恋爱物语果然有问题', 'alwaysandforever', NULL, NULL, '0', '1468605923'),
(255, '有些事情我不看透，不是我笨，只是我太善良。', 'a', '樱桃小丸子', '岛音。', NULL, NULL, '0', '1468605924'),
(256, '有时语言就像把利刃，使用不当，就会成为凶器。', 'a', '名侦探柯南', 'D.C.', NULL, NULL, '0', '1468605925'),
(257, '如果能够重生的话，我想，我想成为水母。想成为只是在海里自由地摇摇摆摆的水母。', 'a', '海月姬', '羽叔', NULL, NULL, '0', '1468605926'),
(258, '所谓的人类，可是连短短的十分钟也等不起的。', 'a', 'Angel Beats!', '林志广', NULL, NULL, '0', '1468605929'),
(259, '用番茄Lu过…比香蕉好←那是你没领悟到香蕉的正确用法', 'a', '樱花庒的宠物女孩 10 B站弹幕', 'Lust·Sloth', NULL, NULL, '0', '1468605930'),
(260, '梦总是有会醒来的时候，不会醒的梦总有一天会变成悲伤。', 'a', 'AIR', '林志广', NULL, NULL, '0', '1468605932'),
(261, '能哭的地方只有厕所和爸爸的怀里。', 'a', 'CLANNAD', 'jik1203', NULL, NULL, '0', '1468605934'),
(262, '你再怎么称赞我，我也不会高兴的，你这个混蛋~', 'a', '海贼王', '雪丶风', NULL, NULL, '0', '1468605936'),
(263, '除了爱你，我什么都可以。', 'a', '命运守护夜', '南风之弦', NULL, NULL, '0', '1468605946'),
(264, '败者死于绝望，胜者死于渴望。', 'a', '戏言系列', '哀川润', NULL, NULL, '0', '1468605966'),
(265, '给，一辈子朋友劵。', 'a', '日常', '单数', NULL, NULL, '0', '1468605973'),
(266, '一个人走在路上，形单影只/回首望去，大家都留在远方/回过头来继续前行，这便是所谓坚强', 'a', 'AngelBeats', 'Vocamelloid', NULL, NULL, '0', '1468605991'),
(267, '无知而又纯洁的岁月是任何人都曾拥有的，世界上没有一成不变的事物，所以只要以其他方式找到自己的快乐就行了。', 'a', 'CLANNAD', '尚昱', NULL, NULL, '0', '1468606002'),
(268, '沒有永远下不停的雨。', 'a', '秋之回憶', 'akirayc', NULL, NULL, '0', '1468606003'),
(269, '不习惯的事越来越多，但我仍在前进⋯⋯就算步伐很小，我也在一步一步的前进。', 'a', '夏目友人帐', 'Sai', NULL, NULL, '0', '1468606007'),
(270, '算了，和你说话感觉就像是大姨妈来了。', 'a', '龙虎斗', '33', NULL, NULL, '0', '1468606073'),
(271, '“像你这样的白痴是怎么活过来的？”“因为我很自信。', 'a', '海贼王', '陈亚', NULL, NULL, '0', '1468606080'),
(272, '梦想是什么，梦想是现实的延续；现实是什么，现实是梦想的终结。', 'a', 'EVA', 'kigoo', NULL, NULL, '0', '1468606153'),
(273, 'Time waits for no one.', 'a', '穿越时空的少女', '沙茶酱', NULL, NULL, '0', '1468606219'),
(274, '时间是伟大的作家，总会写下完美的结局。', 'a', '秋之回忆', 'LT2142', NULL, NULL, '0', '1468606332'),
(275, '如果不能忠于自己的心，胜负又有什么价值呢？', 'b', '塔希里亚故事集', '魅影陌客', 0, '', '0', '1468949091'),
(276, '在茫茫人海中，同样是高中生，同乘7点50分的电车，看着同一片海⋯⋯那个瞬间不就是如奇迹般的邂逅吗。', 'b', '单恋电车', '冥酱', 0, '', '0', '1468949092'),
(277, '一起去看星星吧。', 'b', '未来日记', 'lies', 0, '', '0', '1468949092'),
(278, '树上的鸟儿成双对，对面的冤家你想掐死谁。', 'b', '', '生命。', 0, '', '0', '1468949092'),
(279, '一定没有问题的！', 'b', '魔卡少女樱', '魅影陌客', 0, '', '0', '1468949092'),
(280, '我爱的人也爱着我，对我来说这简直是个奇迹。', 'b', 'NANA', 'nana酱', 0, '', '0', '1468949093'),
(281, '你为了你的正义，我为了我的正义。', 'b', '火影忍者', '青媚狐', 0, '', '0', '1468949093'),
(282, '就算风吹散了冰雪，想念也会留存下来。', 'b', '滑头鬼之孙', '苏陌奕', 0, '', '0', '1468949094'),
(283, '我的一生，无怨无悔！', 'b', '北斗神拳', 'HeYSH', 0, '', '0', '1468949095'),
(284, '越是困难，越要抬起头，地上可找不到任何希望！', 'b', 'Zetman', '世界尽头之海', 0, '', '0', '1468949098'),
(285, 'Nothing is true, everything is permitted.', 'c', '刺客信条', 'suigintou', 0, '', '0', '1468948789'),
(286, '越是锐利的小刀切完东西后就越容易变钝。', 'c', '东方永夜抄', '5454554a@2980.com', 0, '', '0', '1468948789'),
(287, '就算一次也好，我想在这颗星球上尽情奔跑。', 'c', 'Eden', 'vinkey', 0, '', '0', '1468948789'),
(288, '承君此诺，必守一生。', 'c', '仙剑奇侠传四', '锦重', 0, '', '0', '1468948790'),
(289, '少女祈祷中⋯⋯', 'c', '东方project', 'qqa623582347', 0, '', '0', '1468948790'),
(290, '只要你还记得我，我就会一直在你的身边。', 'c', '符文工房', '摇篮の月', 0, '', '0', '1468948790'),
(291, '这一路上有你的陪伴，我不再孤单。', 'c', '幻想水浒传', '隐之鱼', 0, '', '0', '1468948790'),
(292, '这是眼泪吗？原来眼泪是这么的温暖，我一直以为，哀伤的东西都是冰冷的。', 'c', '风色幻想', '魅影陌客', 0, '', '0', '1468948791'),
(293, '如果我会变成恶魔，那就随他吧。我会接受放逐，一切只为了保护她。', 'c', '鬼泣', '银炎', 0, '', '0', '1468948792'),
(294, '无论发生什么，都请不要后悔与我的相遇⋯⋯', 'c', 'CLANNAD', 'dah', 0, '', '0', '1468948792'),
(295, '生尽欢，死无憾。', 'c', '仙剑4', '_SCarLet', 0, '', '0', '1468948792'),
(296, '我决定以人类的一个方法来感激你，我打算以身相许！', 'c', '仙剑奇侠传', '赵吟风', 0, '', '0', '1468948793'),
(297, '从一开始，我就不那么喜欢你。', 'c', '秋之回忆', '隐之鱼', 0, '', '0', '1468948793'),
(298, '谎言不一定是谎言，被发现的谎言，才算是谎言。', 'c', '秋之回忆', '坏坏的微笑', 0, '', '0', '1468948793'),
(299, '要超越过去与悲伤，用坚强和笑容去开拓明天。', 'c', '伊苏', 'SD影', 0, '', '0', '1468948794'),
(300, '人总是会变的，不要害怕改变哦。', 'c', '秋之回忆', '幻、天使', 0, '', '0', '1468948794'),
(301, '既不回头，何必不忘；既然无缘，何必誓言；今日种种，似水无痕。', 'c', '仙剑奇侠传', 'Sai', 0, '', '0', '1468948796'),
(302, '刁蛮少女贵千金，比武招亲动芳心。盼能与君长相依，结伴江湖侠侣行。', 'c', '仙剑奇侠传', '赵吟风', 0, '', '0', '1468948796'),
(303, '工程穷三代，考古毁一生。', 'c', '魔兽世界', '红叶乘风我愿', 0, '', '0', '1468948797'),
(304, '愿风指引着你的道路，愿你的刀刃永远锋利。', 'c', '魔兽世界', '诺克提斯', 0, '', '0', '1468948798'),
(305, '虽有遗憾，并无后悔。', 'c', '古剑奇谭', '_SCarLet', 0, '', '0', '1468948802'),
(306, '魔非魔，道非道，善恶在人心。欲非欲，情非情，姻缘由天定。', 'c', '仙剑奇侠传', 'Sai', 0, '', '0', '1468948805'),
(307, '人与人在偶然之中创造相遇与别离。', 'c', '银河和声', '草莓的味道', 0, '', '0', '1468948806'),
(308, '一年、两年、三年⋯⋯十年、百年、千年⋯⋯即使用永恒的时间来等待，我也想再见你一面。', 'c', '幻想三国志', '小刺鸟', 0, '', '0', '1468948827'),
(309, '少年心意，一如明月松间的青石流水，那些年里看到了，却不懂。', 'c', '诛仙二', '以风之名', 0, '', '0', '1468948842'),
(310, '阳光灼热，数不尽夏日繁华；蝉鸣幽幽，道不完苦辣酸甜。', 'd', '危险同居人', 'qq745840496', 0, '', '0', '1468949194'),
(311, '控兄是我的个性的同时，也是勋章！', 'd', '就算是哥只要有爱就没问题吧', '萧', 0, '', '0', '1468949194'),
(312, '想要成为无论多么悲伤的时候，也能够漂亮微笑的人吧。', 'd', '文学少女', '砕月', 0, '', '0', '1468949194'),
(313, '但是，这一次你将不再孤独。', 'd', '魔法禁书目录', 'liyulong729', 0, '', '0', '1468949195'),
(314, '会长和往常一样挺着小小的胸部一副自以为了不起的样子套用某本书的内容说道⋯⋯', 'd', '学生会的一己之见', 'SD影', 0, '', '0', '1468949195'),
(315, '我一直以为人是慢慢变老的，其实不是，人是一瞬间变老的。', 'd', '《舞！舞！舞！》', '優しさの猫', 0, '', '0', '1468949195'),
(316, '情深不寿，强极则辱，谦谦君子，温润如玉。', 'd', '书剑恩仇录', 'Hubert', 0, '', '0', '1468949195'),
(317, '救救我啊奥特曼，哪怕你只能撑三分钟⋯⋯', 'd', '肯普法', 'E聋魍魉', 0, '', '0', '1468949195'),
(318, '正义不会因为无人歌颂而变成非议。', 'd', '阿亚罗克年代记', '苍之轨迹', 0, '', '0', '1468949196'),
(319, '夹在我女友与前女友与青梅竹马间的果然是修罗场！', 'd', '夹在我女友与青梅竹马间的各种修罗场', '萧', 0, '', '0', '1468949196'),
(320, '树大必有枯枝，人多必有白痴。', 'd', '谢谢你！坏运', 'hsk', 0, '', '0', '1468949196'),
(321, '用我一生，换你十年天真无邪。', 'd', '盗墓笔记', '秦木', 0, '', '0', '1468949196'),
(322, '这是傻瓜的血脉使然啊。', 'd', '有顶天家族', 'Sumire', 0, '', '0', '1468949197'),
(323, '想了解喜欢的人，可是，却不能理解。', 'd', '文学少女', 'Sai', 0, '', '0', '1468949198'),
(324, '不会停的雨的确存在，但是撑起伞来就行了，接下来抬起头前进，这样一来，偶尔会出现下着太阳雨的日子，经过阳光的反射闪闪发亮的雨滴，一定非常美丽。', 'd', '秋之回忆Memories Off', '青熊兽真烦人', 0, '', '0', '1468949198'),
(325, '不能哭！唱歌吧！继续唱下去吧！不是为了赞美神，是为了向神挑战而唱！', 'd', '文学少女', '库腐腐', 0, '', '0', '1468949199'),
(326, '生我何用？不能欢笑。灭我何用？不减狂骄。', 'd', '悟空传', 'kaomao', 0, '', '0', '1468949199'),
(327, '要让一群人团结起来，需要的不是英明的领导，而是共同的敌人。', 'd', '我的青春恋爱物语果然有问题', '当歌', 0, '', '0', '1468949202'),
(328, '风停之后再扬帆，船绝不会前行。', 'd', '分身', 'c7318418', 0, '', '0', '1468949203'),
(329, '我发过誓，再也不装作没察觉，再也不逃避。', 'd', '文学少女', '阎罗小菲', 0, '', '0', '1468949203'),
(330, '桑丘，让他们管我叫疯子吧，我还疯得不够，所以得不到他们的赞许。', 'd', '堂吉诃德', 'l863921044', 0, '', '0', '1468949204'),
(331, '就算是沉落地面的太阳，只要夜晚过了一定会再度升起，不管有什么痛苦或难过的事，跟今天截然不同的明天也一定会到来。', 'd', '文学少女', '三酱', 0, '', '0', '1468949205'),
(332, '只是，想要做些什么而已。 觉得不做些什么就会死掉而已。', 'd', '戏言', '苦橙の种', 0, '', '0', '1468949206'),
(333, '你永远是我唯爱旅行中名为秘密的起点站。', 'd', '绘心', 'Samurai', 0, '', '0', '1468949207'),
(334, '我如朝露降人间，和风樱花随春谢。四十九年一朝梦，一期荣华一杯酒。', 'd', '上杉谦信', '缩叶子', 0, '', '0', '1468949209'),
(335, '安心地睡吧，就算你将遗忘一切，我也会永远记得。我将为你而生、为你而死。', 'd', '魔法禁书目录', 'icecai123', 0, '', '0', '1468949211'),
(336, '愿我等之誓言，超越姓名与身份而永存。', 'd', '风姿物语', '魅影陌客', 0, '', '0', '1468949215'),
(337, '江湖可能因为少了谁而失色，却不会因为少了谁后就不再是江湖。', 'd', '高手寂寞', '依韵', 0, '', '0', '1468949218'),
(338, '你有学校也有朋友，但对我来说，我的生活中就只有你。', 'd', '我与狗狗的十个约定', 'Natsume_rin', 0, '', '0', '1468949230'),
(339, '日子过的象流水一般。它静静的从我们身边缓缓流过，不带半分声响。那些我们当年执着的人，执着的事，执着之后，却变成一种负担。', 'd', '凑合活着', '占星术杀人魔法', 0, '', '0', '1468949242'),
(340, '比起有一百个朋友，不如有个比一百人还要重要的真心朋友。', 'd', '我的朋友很少', 'Ntsume_rin', 0, '', '0', '1468949266'),
(341, '只有破碎的心才有伤人的棱角。', 'e', '', '岁碎叶', 0, '', '0', '1468949350'),
(342, '如果你是我该多好，那你就会知道我有多难过，多喜欢你。', 'e', '', '魔法师baby乖', 0, '', '0', '1468949351'),
(343, '就算你已经不在，就算你身边的人已经不再是我，我也会坚强的活下去，为了你。', 'e', '', '十六夜暁', 0, '', '0', '1468949351'),
(344, '今天的早餐是：早苗的面包、秋子的果酱和观铃的果汁~', 'e', '', 'Mion', 0, '', '0', '1468949351'),
(345, '如果没什么好事发生的话，就把没有发生坏事的每一天当作好事吧。', 'e', '', '万事屋神乐酱', 0, '', '0', '1468949351'),
(346, '“你没车没房没卡,拿什么和我谈恋爱？”“......我有高达......”', 'e', 'gundam', '弄它', 0, '', '0', '1468949351'),
(347, '既然我无法停留，那么就飞到我再也不能飞的那一天吧。', 'e', '', 'シ舀シ舀', 0, '', '0', '1468949352'),
(348, '宅，是一种生活状态；死宅，是一种人生境界⋯⋯', 'e', '', '朝颜留空', 0, '', '0', '1468949352'),
(349, '自己永远是孤单的，但你可以让其他人变得不孤单。', 'e', '', 'Rokileng', 0, '', '0', '1468949353'),
(350, '繁花落尽，明月映着谁老去……', 'e', '', '滿城煙花落', 0, '', '0', '1468949353'),
(351, '你是我的，那是曾经。我是你的，直到现在。', 'e', '', '时静', 0, '', '0', '1468949353'),
(352, '也许我们都没有长大，只是世界变小了。', 'e', '', 'cukecora', 0, '', '0', '1468949354'),
(353, '苦到头未必是甜的，而甜到头一定是苦的 。', 'e', '', 'LastFairy', 0, '', '0', '1468949354'),
(354, '请不要忘记，那给你带来感动的，名为二次元的理想乡。', 'e', '', 'hsk', 0, '', '0', '1468949355'),
(355, '此时此刻一切都是静寂的，只剩下我与你的世界，这就是爱？', 'e', '', 'DgBoo', 0, '', '0', '1468949355'),
(356, '我愿意给你自己所有的快乐，你愿意分担我一半的难过吗？', 'e', '', 'getweb', 0, '', '0', '1468949355'),
(357, '再强的敌人在最后一集的主角面前也是渣渣。', 'e', '', '無い', 0, '', '0', '1468949355'),
(358, '神曲的存在并不是为了享受音乐，而是品味那段最珍贵的回忆。', 'e', '', 'D君', 0, '', '0', '1468949356'),
(359, '小孩子看了根本把持不住！', 'e', '', '李狗蛋儿', 0, '', '0', '1468949357'),
(360, '一句话，不足以讲述一个故事，却可以让我们回味那些个动人的瞬间。', 'e', '', 'Sai', 0, '', '0', '1468949360'),
(361, '那双紧握不放的手⋯⋯抓住的是希望⋯⋯亦或是絕望⋯⋯', 'e', '', 'sseeyyou', 0, '', '0', '1468949361'),
(362, '我不会接受我不要的未来，哪怕是命中注定。', 'e', '', 'lzgsimerly', 0, '', '0', '1468949361'),
(363, '每个凉宫都会遇到属于她的John Smith。', 'e', '', 'gmouse', 0, '', '0', '1468949361'),
(364, '不要把你所遭遇的苦难看得太大，更不要把你所拥有的幸福看得太少。', 'e', '', '月咏亚斗', 0, '', '0', '1468949362'),
(365, '姑娘们啊，要在该认真的地方全力认真，当你不想认真的时候不妨笑笑。', 'e', '', '凌诺影', 0, '', '0', '1468949362'),
(366, '你会梦游，我会磨牙，我们晚上一起去吓人吧！', 'e', '', '一萍敌敌畏', 0, '', '0', '1468949363'),
(367, '梦+想=梦想，这个等式是不成立的。', 'e', '原创', '明九', 0, '', '0', '1468949363'),
(368, '万书皆下品，唯有萌最高！', 'e', '', 'wy6510166', 0, '', '0', '1468949367'),
(369, '勇气，就是即便害怕也会去做。', 'e', '', '岛音。', 0, '', '0', '1468949367'),
(370, '为错误停驻是件可悲的事。', 'e', '', 'LastFairy', 0, '', '0', '1468949369'),
(371, '为毛我的眼里常含泪水，因为我老是中枪。', 'e', '', '不管外表怎样强悍我都是受', 0, '', '0', '1468949371'),
(372, '在回忆里留下微笑是为了不让你哭泣...', 'e', '原创', '萌萌“萌乃兮', 0, '', '0', '1468949373'),
(373, '你在颓废的时候别人都在努力哦~♪', 'e', '', '椎名奈緒', 0, '', '0', '1468949380'),
(374, '每当对这个世界感到绝望的时候，买一包泡面，然后告诉自己：我们的泡面是有酱包的。', 'e', '', '以风之名', 0, '', '0', '1468949381'),
(375, '彼此相互推卸不幸是没有结果的。', 'e', '凋零', '凋零', 0, '', '0', '1468949386'),
(376, '没有动漫的世界，就是没有的光明的大地！', 'e', '', '617969448', 0, '', '0', '1468949398'),
(377, '问君能有几多愁？恰似一部新番没看头。', 'e', '竹田花落', 'yudezhuixun', 0, '', '0', '1468949411'),
(378, '哼！悔改吧，你们这群死宅，人家可是身价四千万的大小姐。', 'e', '', 'Sai', 0, '', '0', '1468949420'),
(379, '天下哪有真情在？只要够萌咱都爱！', 'e', '魔王丨丶Sama灬', '魔王丨丶Sama灬', 0, '', '0', '1468949442'),
(380, '流浪去吧，总会在世界的一角找到愿意懂你的人。', 'f', '几米', 'xuduoyu17', 0, '', '0', '1468949600'),
(381, '我们在年少时并不知道，有些乐章一旦开始，唱的就是曲终人散。', 'f', '九ちのセカィ', 'Sai', 0, '', '0', '1468949600'),
(382, '故乡的云。上古的玉。随手的诗。十九岁的你。', 'f', '可遇不可求的事', '無い', 0, '', '0', '1468949601'),
(383, '我敬你是条汉子！', 'f', '论如何回答女友问题“你为什么对我这么好”', 'Sai', 0, '', '0', '1468949601'),
(384, '记得当时年纪小，你爱卖萌我爱笑。', 'f', '', 'ssc1355', 0, '', '0', '1468949601'),
(385, '生活就像愤怒的小鸟，失败后总有几只猪在笑。', 'f', '', 'yudezhuixun', 0, '', '0', '1468949601'),
(386, '我们擦身而过，是为了相识或者遗忘。', 'f', '', '冰井迷音', 0, '', '0', '1468949601'),
(387, '给我一个电话亭，我要拯救地球。', 'f', '', '高旺', 0, '', '0', '1468949601'),
(388, '你若盛开，清风自来。', 'f', '', '初忆', 0, '', '0', '1468949601'),
(389, '以前高中时，羡慕大学考试只要及格就行；现在大学了，怀念高中考试及不及格都行⋯⋯', 'f', '', 'lakesiilove', 0, '', '0', '1468949602'),
(390, '君子可寓意于物，但不可留意于物。', 'f', '', 'LastFairy', 0, '', '0', '1468949602'),
(391, '风筝的线你随时可以放开，只是别盼望我会回来。', 'f', '', 'Sai', 0, '', '0', '1468949602'),
(392, '那种亲密的人突然陌生，希望完全落空的感觉，就好像喝口凉水居然被烫到。', 'f', '', 'Sai', 0, '', '0', '1468949602'),
(393, '用你的笑容去改变这个世界，别让这个世界改变了你的笑容。', 'f', '我们爱看内涵图微博', 'ひかりの汐', 0, '', '0', '1468949602'),
(394, '天空本是一种风景，可是遇见你之后，它变成了一种心情。', 'f', '九ちのセカィ', 'Sai', 0, '', '0', '1468949602'),
(395, '地球只有一个，而欧派有两个。', 'f', '', 'mlmtmfz', 0, '', '0', '1468949603'),
(396, '成熟不是人的心变老，是泪在打转还能微笑。', 'f', '', 'Sai', 0, '', '0', '1468949603'),
(397, '等待，不是为了你能回来，而是找个借口不离开。', 'f', '九ちのセカィ', 'Sai', 0, '', '0', '1468949603'),
(398, '最终让你难以忘怀的，并不是某个谁，而是当初为之倾心，不顾一切的自己。', 'f', '九ちのセカィ', 'Sai', 0, '', '0', '1468949603'),
(399, '如果分手的恋人还能做朋友，要不从没爱过，要不还在爱着。', 'f', '九ちのセカィ', 'Sai', 0, '', '0', '1468949603'),
(400, '研表究明，汉字的序顺并不定一能影阅响读，比如当你看完这句话后，才发这现里的字全是都乱的。', 'f', '', '吾乃外星人', 0, '', '0', '1468949603'),
(401, '活着就是为了改变世界。', 'f', 'Apple', '叉叉', 0, '', '0', '1468949604'),
(402, 'H什么的最讨厌了！', 'f', '', '恶魔？天使', 0, '', '0', '1468949604'),
(403, '放弃也是需要勇气的。', 'f', '', '世风', 0, '', '0', '1468949605'),
(404, '烈焰中舞动的火花，将赐予邪恶异性交往以天罚。', 'f', 'FFF团', 'selda00', 0, '', '0', '1468949605'),
(405, '胸不平何以平天下，乳不巨何以聚人心。', 'f', '网络', '天使の心跳', 0, '', '0', '1468949605'),
(406, '忘记一个人，并非不再想起，而是偶尔想起，心中却不再有波澜。', 'f', '九ちのセカィ', 'Sai', 0, '', '0', '1468949605'),
(407, '即使无法掌握未来，也请不要忘了明天。', 'f', '', 'leozx', 0, '', '0', '1468949605'),
(408, '不忘初心，方得始终。', 'f', '', 'Nitro', 0, '', '0', '1468949606'),
(409, '你制定的计划是.txt还是.exe?', 'f', '', 'LvionX', 0, '', '0', '1468949606'),
(410, '心之所愿，无所不成。', 'f', '网络', '漠伦', 0, '', '0', '1468949606'),
(411, '无论是丢下还是被丢下，都是一样痛苦的。', 'f', '', '锡了个纸', 0, '', '0', '1468949606'),
(412, '不约，不约，叔叔我们不约~', 'f', '', '月球猫', 0, '', '0', '1468949607'),
(413, '既然认准这条路，何必去打听要走多久。', 'f', '网络', 'zerokey', 0, '', '0', '1468949607'),
(414, '有些人，一旦遇见，便一眼万年；有些心动，一旦开始，便覆水难收。', 'f', '网络', 'zerokey', 0, '', '0', '1468949607'),
(415, '一定是红线下得太乱，才不小心把我和你绑在一起了……却没系稳。', 'f', '_好多虫漫画', 'Sai', 0, '', '0', '1468949607'),
(416, '不敢正视你的眼睛，是怕我每一个眼神都在告白。', 'f', '九ちのセカィ', 'Sai', 0, '', '0', '1468949607'),
(417, '别人说的记在脑袋里，而自己的，则放在心里。', 'f', '', 'Sai', 0, '', '0', '1468949608'),
(418, '想你想到手都断了…', 'f', '', 'Sai', 0, '', '0', '1468949609'),
(419, '没有回忆就去创造回忆，没有道路就去开辟道路。', 'f', '平安夜的噩梦', '沙渺', 0, '', '0', '1468949609'),
(420, '没有什么过不去，只是再也回不去。', 'f', '网络', 'zerokey', 0, '', '0', '1468949610'),
(421, '记性太好，有时候是一种负担。容易忘记往事的人，是幸福的。', 'f', '九ちのセカィ', 'Sai', 0, '', '0', '1468949610'),
(422, '低头不是认输，是要看清自己的路；昂头不是骄傲，是要看清自己的天空。', 'f', '科比·布莱恩特', '庄树鹏', 0, '', '0', '1468949610'),
(423, '我觉得，我这辈子最灿烂的笑容，大概都奉献给我电脑屏幕了。', 'f', 'bilibili', '萌花残', 0, '', '0', '1468949610'),
(424, '有一种无奈叫做，你明明是只候鸟，却喜欢上只能给你冬天的人。', 'f', '九ちのセカィ', 'Sai', 0, '', '0', '1468949611'),
(425, '与你的生命等价的东西，这个世界上根本没有。', 'f', '', 'Sai', 0, '', '0', '1468949612'),
(426, '生活就像超级女生，走到最后的都是纯爷们。', 'f', '', 'X', 0, '', '0', '1468949613'),
(427, '那天放学的时候人很多。楼道很挤，你的手不小心碰到了我的手背，这是我漫长而又短暂的初恋。', 'f', '九ちのセカィ', 'Sai', 0, '', '0', '1468949613'),
(428, '旅行的意义在于找到自己，而非浏览他人。', 'f', '网络', 'zerokey', 0, '', '0', '1468949615'),
(429, '我的小伙伴们都惊呆了！', 'f', '', '矢野加奈', 0, '', '0', '1468949615'),
(430, '智商是硬伤。', 'f', '', 'Sai', 0, '', '0', '1468949615'),
(431, '有些人，一旦遇见，便一眼万年；有些心动，一旦开始，便覆水难收。', 'f', '九ちのセカィ', 'Sai', 0, '', '0', '1468949615'),
(432, 'XX什么的，最讨厌了！', 'f', '', 'kira0769', 0, '', '0', '1468949615'),
(433, '请叫我女王大人~', 'f', '十万个冷笑话', 'Zhao.small', 0, '', '0', '1468949616'),
(434, '生活中若没有朋友，就像生活中没有阳光一样。', 'f', '网络', '能美', 0, '', '0', '1468949619'),
(435, '二次元什么的我本来是不感冒的，直到我的膝盖中了一箭。', 'f', '', '智代有爱', 0, '', '0', '1468949620'),
(436, '那么，问题来了…', 'f', '中国山东找蓝翔', 'Sai', 0, '', '0', '1468949621'),
(437, '不要祈求生活公平，只需要适应它。', 'f', '', 'Sai', 0, '', '0', '1468949621'),
(438, '空山新雨后，兵长一米六。', 'f', '百度贴吧', '无名的丝塔芙', 0, '', '0', '1468949623'),
(439, '过去的事情可以不忘记，但一定要放下。', 'f', '', 'Sai', 0, '', '0', '1468949624'),
(440, '孙大圣，快收了神通吧！', 'f', '西游记', '王大囍', 0, '', '0', '1468949625'),
(441, '黑暗不能驱除黑暗，只有光明可以做到；仇恨不能驱除仇恨，只有爱可以做到。', 'f', '', 'Avatien', 0, '', '0', '1468949626'),
(442, '在你最冷的时候，有人不顾自己寒冷抱着你，这就是幸福。', 'f', '网络', 'zerokey', 0, '', '0', '1468949629'),
(443, '我和我的小伙伴们都惊呆了！', 'f', '我和我的小伙伴们都惊呆了', '王世强', 0, '', '0', '1468949629'),
(444, '患了中二病，等于有了一种信仰。', 'f', '', '三酱', 0, '', '0', '1468949630'),
(445, '（根据相关法律法规，相关内容已被屏蔽。）', 'f', '（根据相关法律法规，相关内容已被屏蔽。）', '地球好闪亮', 0, '', '0', '1468949630'),
(446, '你还欠我一句对不起，可我不会再说没关系了。', 'f', '', 'wxvveboss', 0, '', '0', '1468949633'),
(447, '你才是⑨！你全家都是⑨！', 'f', '', '琪露诺_⑨', 0, '', '0', '1468949635'),
(448, '既然认准这条路，何必去打听要走多久。', 'f', '来自网络', 'friend131995', 0, '', '0', '1468949639'),
(449, '喜欢大胸只是本能，喜欢贫乳才是审美。', 'f', '呃……', 'ShineAwesome', 0, '', '0', '1468949647'),
(450, '我年轻，我傲娇。', 'f', '', 'Sai', 0, '', '0', '1468949651'),
(451, '上帝说要有光，于是萝莉就掀起了裙子。', 'f', '', '罗雅', 0, '', '0', '1468949653'),
(452, '胸部的大小并没有关系，重要的是存在于那里的温暖。', 'f', 'dreamless_milky', 'hsk', 0, '', '0', '1468949671'),
(453, '找不到路，就自己走一条出来。', 'f', '', '魅影陌客', 0, '', '0', '1468949682'),
(454, '大地母亲在忽悠着你。', 'f', '魔兽世界', '被流放de蟹子', 0, '', '0', '1468949725'),
(455, '当世界背叛你的那天到来时，我会为你背叛全世界。', 'f', '', '恶魔？天使', 0, '', '0', '1468949746'),
(456, '有些事情本身我们无法控制，只好控制自己。', 'f', '', 'Sai', 0, '', '0', '1468949760'),
(457, '新闻联播的牛X之处在于就算你一直在换台，也能完整的看完一条新闻。', 'f', '', 'Sai', 0, '', '0', '1468949790'),
(458, '你最无暇的时光是哪段，你又把它奉献给了谁？', 'f', '来自B站某句弹幕', '王晓龙', 0, '', '0', '1468949801'),
(459, '是金子一定会发光，是银子一定会花光，是裙子一定会走光，是节操一定要丢光。', 'f', '绝对萌域', 'hsk', 0, '', '0', '1468949807'),
(460, '最好的感觉，是有人懂你的欲言又止。', 'f', '网络', 'zerokey', 0, '', '0', '1468949808'),
(461, '这个城市大得让人到处能一见钟情，却没法重逢。', 'f', '九ちのセカィ', 'Sai', 0, '', '0', '1468949863'),
(462, '只要一息尚存，就还有希望。', 'f', '格言', '漠伦', 0, '', '0', '1468949889'),
(463, '臣妾做不到啊~', 'g', '甄嬛传', 'mlmtmfz', 0, '', '0', '1468950837'),
(464, '我爱上的人，称我为怪叔叔', 'g', '', '1263', 0, '', '0', '1468950837'),
(465, '要么忙着生存要么赶着去死，人总要做点什么。', 'g', '肖申克的救赎', '占星术杀人魔法', 0, '', '0', '1468950838'),
(466, '不管怎么样，未来都是可以改变的。', 'g', '雏菊', 'xi4oh4o', 0, '', '0', '1468950838'),
(467, '你需要找出面对明天的力量。', 'g', 'The Battle of Chernobyl', 'xi4oh4o', 0, '', '0', '1468950838'),
(468, 'Yesterday is a history, tomorrow is a mystery, but today is a gift.', 'g', '功夫熊猫', 'efreet', 0, '', '0', '1468950839'),
(469, '握不住的沙，不如扬了它。', 'g', '', '枫丶牙', 0, '', '0', '1468950839'),
(470, '文能提笔控萝莉，武能床上定人妻。进可欺身压正太，退能提臀迎众基。', 'g', '', 'Wesion', 0, '', '0', '1468950840'),
(471, '慕君之心，至死方休。', 'g', '《孟子》', 'wwwwodddd', 0, '', '0', '1468950840'),
(472, '我们一路奋战，不是为了改变世界，而是为了不让世界改变我们。', 'g', '熔炉', '928884975', 0, '', '0', '1468950841'),
(473, '面对无知的嘲笑，我只能为他们默哀。', 'g', '', '星之彼岸', 0, '', '0', '1468950841'),
(474, '不要因为结束而哭泣，微笑吧，为你的曾经拥有。', 'g', '', 'han', 0, '', '0', '1468950841'),
(475, '既然忘不掉，就把它留在心中，让时间去冲淡它。', 'g', '', 'chen970213', 0, '', '0', '1468950842'),
(476, '君生我未生，我生君已老。 君恨我生迟，我恨君生早。', 'g', '全唐诗续拾', 'Sai', 0, '', '0', '1468950842'),
(477, '我从小就害怕虫子', 'g', '小小闲', 'firo', 0, '', '0', '1468950842'),
(478, '缘起，在人群中，我看见你。缘灭，我看见你，在人群中。', 'g', '', '泣幽寂', 0, '', '0', '1468950845'),
(479, '透过孩子的眼神，让我相信这个世界上还有着纯真。', 'g', '宫崎骏', 'anythink', 0, '', '0', '1468950861'),
(480, 'Hello World!', 'g', '', 'Sai', 0, '', '0', '1468950862'),
(487, '古之立大事者，不惟有超世之才，亦必有坚忍不拔之志。', 'g', '晁错论', 'freejishu', NULL, NULL, '', '1471865209'),
(488, '淅淅沥沥的雨，即便能填满路上的水坑，也填不满心中的空洞。', 'a', '神圣之门', 'freejishu', NULL, NULL, '', '1471870312'),
(489, '我曾经失落失望失掉所有方向，直到看见平凡才是唯一的答案。', 'g', '平凡之路', 'freejishu', NULL, NULL, '', '1471870474'),
(490, '我们总是在注意错过太多，却不注意自己拥有多少。', 'a', '我们仍未知道那天所看见的花的名字', '酷儿', NULL, NULL, '', '1471875152'),
(491, '我是一个经常笑的人，可我不是经常开心的人。', 'a', '我们仍未知道那天所看见的花的名字', '酷儿', NULL, NULL, '', '1471875345'),
(492, '学而不思则罔，思而不学则殆。', 'g', '论语', '小强', NULL, NULL, '', '1472435289'),
(493, '岁寒，然后知松柏之后凋也。', 'g', '论语', '小强', NULL, NULL, '', '1472435281'),
(494, '君子坦荡荡，小人长戚戚。', 'g', '论语', '小强', NULL, NULL, '', '1472435271'),
(495, '工欲善其事，必先利其器。', 'g', '论语', '小强', NULL, NULL, '', '1472435263'),
(496, '己所不欲，勿施于人。', 'g', '论语', '小强', NULL, NULL, '', '1472435255'),
(497, '敏而好学，不耻下问。', 'g', '论语', '小强', NULL, NULL, '', '1472435245'),
(498, '合抱之木，生于毫末；九层之台，起于累土；千里之行，始于足下。', 'g', '老子', '小强', NULL, NULL, '', '1472435238'),
(499, '祸兮福之所倚，福兮祸之所伏。', 'g', '鵩鸟赋', '小强', NULL, NULL, '', '1472435232'),
(500, '信言不美，美言不信。', 'g', '老子', '小强', NULL, NULL, '', '1472435224'),
(501, '知人者智，自知者明。', 'g', '老子', '小强', NULL, NULL, '', '1472435215'),
(502, '人非圣贤，孰能无过？过而能改，善莫大焉。', 'g', '左传', '小强', NULL, NULL, '', '1472435207'),
(503, '居安思危，思则有备，有备无患。', 'g', '左传', '小强', NULL, NULL, '', '1472435196'),
(504, '多行不义必自毙。', 'g', '左传', '小强', NULL, NULL, '', '1472435185'),
(505, '从善如登，从恶如崩。', 'g', '国语·周语下', '小强', NULL, NULL, '', '1472435177'),
(506, '投我以桃，报之以李。', 'g', '诗经', '小强', NULL, NULL, '', '1472435151'),
(507, '他山之石，可以攻玉。', 'g', '诗经·小雅', '小强', NULL, NULL, '', '1472435143'),
(508, '言者无罪，闻者足戒。', 'g', '诗经·周南·关雎·序', '小强', NULL, NULL, '', '1472435132'),
(509, '人而无仪，不死何为!', 'g', '相鼠', '小强', NULL, NULL, '', '1472435121'),
(510, '天作孽，犹可违，自作孽，不可活。', 'g', '尚书·太甲', '小强', NULL, NULL, '', '1472435160'),
(511, '满招损，谦受益。', 'g', '尚书·大禹谟', '小强', NULL, NULL, '', '1472435170'),
(512, '不管前方的路有多苦，只要走的方向正确，不管多么崎岖不平，都比站在原地更接近幸福。', 'a', '千与千寻', '酷儿', NULL, NULL, '', '1472543268'),
(513, '活在现实中的人是错的，而那些哭泣的人才是正确的，孤独的我们才有人类的样子', 'a', 'angel beats', '酷儿', NULL, NULL, '', '1472543167'),
(514, '不管是怎样的回忆，都是我们活过的人生。', 'a', 'angel beats', '酷儿', NULL, NULL, '', '1472543149'),
(515, '我不知道离别的滋味是这样凄凉，我不知道说声再见要这么坚强。', 'a', '千与千寻', '酷儿', NULL, NULL, '', '1472543282'),
(516, '人生就是一列开往坟墓的列车，路途上会有很多站，很难有人可以自始至终陪着走完。当陪你的人要下车时，即使不舍也该心存感激，然后挥手道别。\r\n', 'a', '千与千寻', '酷儿', NULL, NULL, '', '1472543249'),
(517, '曾经发生过的事情不可能忘记，只不过是想不起而已。', 'a', '千与千寻', '酷儿', NULL, NULL, '', '1472543299'),
(518, '人永远不知道，谁哪次不经意的跟你说了再见之后，就真的不会再见了。', 'a', '千与千寻', '酷儿', NULL, NULL, '', '1472544607');

-- --------------------------------------------------------

--
-- 表的结构 `hitokoto_users`
--

CREATE TABLE IF NOT EXISTS `hitokoto_users` (
  `id` int(10) unsigned NOT NULL,
  `name` varchar(255) COLLATE utf8_unicode_ci NOT NULL,
  `email` varchar(255) COLLATE utf8_unicode_ci NOT NULL,
  `password` varchar(255) COLLATE utf8_unicode_ci NOT NULL,
  `remember_token` varchar(100) COLLATE utf8_unicode_ci DEFAULT NULL,
  `created_at` timestamp NULL DEFAULT NULL,
  `updated_at` timestamp NULL DEFAULT NULL
) ENGINE=InnoDB AUTO_INCREMENT=12 DEFAULT CHARSET=utf8 COLLATE=utf8_unicode_ci;

--
-- 转存表中的数据 `hitokoto_users`
--

INSERT INTO `hitokoto_users` (`id`, `name`, `email`, `password`, `remember_token`, `created_at`, `updated_at`) VALUES
(1, 'freejishu', 'i@freejishu.com', '$2y$10$82nI0PgzzbTmLG8hUfzeCOts6.EBiDUCs58gFjU3ELvYYQ9menmFi', 'yRk63QOZySYNW5h1bpTx9VuvE3Yx7cirxo675YQdg3lvyLcMyTWEFiai2wy6', '2016-08-17 08:17:31', '2016-08-25 02:16:44'),
(5, 'kevin335200', '1kevin335200@gmail.com', '$2y$10$WqKcXhR7NXWORfv3E.9JxOKZ0lmyN4lI1ji3oxSl/p5SroCTi.4U6', NULL, '2016-08-18 02:59:01', '2016-08-18 02:59:01'),
(6, '酷儿', '458146168@qq.com', '$2y$10$rrJoPkjWLlLnGr4FLwUNzOcAN/7QKdz1cp/68YOroGzDQCqMMvEbe', NULL, '2016-08-19 23:14:36', '2016-08-19 23:14:36'),
(7, 'papi', '947065098@qq.com', '$2y$10$cMJXJdtExuwws6LACbkOneQuv.njMb4IeeGbA.VbtWlfyJisdJtly', NULL, '2016-08-22 00:19:26', '2016-08-22 00:19:26'),
(8, '毒药', '1094169965@qq.com', '$2y$10$l2JWpzZIXJzO77sh8oLyNutBeynbas9s8O/2/ukKMD6.v1Azv0GNO', NULL, '2016-08-24 06:56:58', '2016-08-24 06:56:58'),
(9, '叶の予落', '576781828@qq.com', '$2y$10$//gJNJRv23U4JfGeoX3.aO7vGP5CELc1wkVV/Qk.NxqXqLF8zswom', NULL, '2016-08-26 22:55:25', '2016-08-26 22:55:25'),
(10, 'bolus', 'FlymeV4@126.com', '$2y$10$A.bYGewI2VuElDEtWtXnH.NgGAm6FHYAttBhzb/FYO0HUmeeauXPe', NULL, '2016-08-28 15:38:04', '2016-08-28 15:38:04'),
(11, '小强', '541420514@qq.com', '$2y$10$EIonpWmeHeSyx9Vj/9TbKOSOFutAXtFq47sRvjk6f0Ku1GSNcaQkW', NULL, '2016-08-28 17:41:03', '2016-08-28 17:41:03');

--
-- Indexes for dumped tables
--

--
-- Indexes for table `hitokoto_like`
--
ALTER TABLE `hitokoto_like`
  ADD PRIMARY KEY (`ID`);

--
-- Indexes for table `hitokoto_password_resets`
--
ALTER TABLE `hitokoto_password_resets`
  ADD KEY `password_resets_email_index` (`email`),
  ADD KEY `password_resets_token_index` (`token`);

--
-- Indexes for table `hitokoto_pending`
--
ALTER TABLE `hitokoto_pending`
  ADD PRIMARY KEY (`id`);

--
-- Indexes for table `hitokoto_refuse`
--
ALTER TABLE `hitokoto_refuse`
  ADD PRIMARY KEY (`id`);

--
-- Indexes for table `hitokoto_sentence`
--
ALTER TABLE `hitokoto_sentence`
  ADD PRIMARY KEY (`id`);

--
-- Indexes for table `hitokoto_users`
--
ALTER TABLE `hitokoto_users`
  ADD PRIMARY KEY (`id`),
  ADD UNIQUE KEY `users_email_unique` (`email`);

--
-- AUTO_INCREMENT for dumped tables
--

--
-- AUTO_INCREMENT for table `hitokoto_like`
--
ALTER TABLE `hitokoto_like`
  MODIFY `ID` int(11) NOT NULL AUTO_INCREMENT,AUTO_INCREMENT=130;
--
-- AUTO_INCREMENT for table `hitokoto_pending`
--
ALTER TABLE `hitokoto_pending`
  MODIFY `id` int(11) NOT NULL AUTO_INCREMENT,AUTO_INCREMENT=46;
--
-- AUTO_INCREMENT for table `hitokoto_refuse`
--
ALTER TABLE `hitokoto_refuse`
  MODIFY `id` int(11) NOT NULL AUTO_INCREMENT,AUTO_INCREMENT=15;
--
-- AUTO_INCREMENT for table `hitokoto_sentence`
--
ALTER TABLE `hitokoto_sentence`
  MODIFY `id` int(11) NOT NULL AUTO_INCREMENT,AUTO_INCREMENT=519;
--
-- AUTO_INCREMENT for table `hitokoto_users`
--
ALTER TABLE `hitokoto_users`
  MODIFY `id` int(10) unsigned NOT NULL AUTO_INCREMENT,AUTO_INCREMENT=12;
/*!40101 SET CHARACTER_SET_CLIENT=@OLD_CHARACTER_SET_CLIENT */;
/*!40101 SET CHARACTER_SET_RESULTS=@OLD_CHARACTER_SET_RESULTS */;
/*!40101 SET COLLATION_CONNECTION=@OLD_COLLATION_CONNECTION */;
